policy,state,years,hazards,cdf,actual_adoption_time,pred_adoption_time,num_timepoints
amber,Alabama,[1999 2000 2001 2002 2003 2004],[0.01200743 0.07438713 0.06647098 0.1413742  0.18383886 0.18383886],[0.01200743 0.08550136 0.14628898 0.2669817  0.40173895 0.51172258],2003,2004.0,6
amber,Arizona,[1999 2000 2001 2002 2003 2004],[0.02179142 0.05494468 0.05224311 0.19393222 0.19393222 0.19393222],[0.02179142 0.07553878 0.12383551 0.29375203 0.43071627 0.54111873],2002,2004.0,6
amber,Arkansas,"[1999 2000 2001 2002 2003 2004 2005 2006 2007 2008 2009 2010 2011 2012
 2013]","[0.01392716 0.04300601 0.04913649 0.04913649 0.04913649 0.04913649
 0.04913649 0.04913649 0.04913649 0.04913649 0.04913649 0.04913649
 0.04913649 0.04913649 0.04913649]","[0.01392716 0.05633422 0.10270264 0.14679268 0.18871629 0.22857993
 0.2664848  0.30252716 0.33679852 0.36938592 0.40037208 0.42983569
 0.45785156 0.48449083 0.50982114]",2001,2013.0,15
amber,California,[1999 2000 2001 2002],[0.13140467 0.27599742 0.23757839 0.25469626],[0.13140467 0.37113474 0.52053954 0.64265632],2002,2001.0,4
amber,Colorado,[1999 2000 2001 2002 2003 2004],[0.02705928 0.07784882 0.11956665 0.19262946 0.19262946 0.19262946],[0.02705928 0.10280156 0.21007658 0.3622391  0.48509063 0.58427734],2002,2004.0,6
amber,Connecticut,[1999 2000 2001 2002 2003 2004],[0.04584995 0.04220741 0.0506098  0.2198651  0.2198651  0.2198651 ],[0.04584995 0.08612216 0.13237333 0.32313416 0.47195334 0.58805237],2002,2004.0,6
amber,Delaware,[1999 2000 2001 2002 2003 2004],[0.02666972 0.05955101 0.06158922 0.23504022 0.20429158 0.20429158],[0.02666972 0.08463252 0.14100929 0.34290666 0.47714529 0.58396011],2003,2004.0,6
amber,Florida,[1999 2000 2001 2002 2003 2004 2005 2006 2007],"[0.02147099 0.08659411 0.08659411 0.08659411 0.08659411 0.08659411
 0.08659411 0.08659411 0.08659411]","[0.02147099 0.10620584 0.18360316 0.25429832 0.31887169 0.37785339
 0.43172763 0.48093667 0.5258845 ]",2000,2007.0,9
amber,Georgia,[1999 2000 2001 2002 2003 2004 2005 2006],"[0.01309001 0.07574469 0.08018483 0.09936697 0.09936697 0.09936697
 0.09936697 0.09936697]","[0.01309001 0.0878432  0.16098434 0.24435479 0.31944096 0.38706605
 0.44797144 0.50282484]",2002,2006.0,8
amber,Idaho,[1999 2000 2001 2002 2003 2004 2005],"[0.03163023 0.03515116 0.07321355 0.15915201 0.16118156 0.16118156
 0.16118156]","[0.03163023 0.06566955 0.1340752  0.27188888 0.38924697 0.4876891
 0.57026417]",2003,2005.0,7
amber,Illinois,[1999 2000 2001 2002 2003],[0.07880302 0.03882649 0.08098321 0.21703843 0.21703843],[0.07880302 0.11456986 0.18627484 0.36288447 0.50116302],2002,2003.0,5
amber,Indiana,[1999 2000 2001 2002 2003 2004 2005],"[0.0176235  0.02623244 0.08356238 0.14068983 0.14068983 0.14068983
 0.14068983]","[0.0176235  0.04339363 0.12332994 0.24666851 0.35265459 0.44372951
 0.52199111]",2002,2005.0,7
amber,Iowa,[1999 2000 2001 2002 2003 2004],[0.00946481 0.0256115  0.03509428 0.15750037 0.29355457 0.29355457],[0.00946481 0.0348339  0.06870572 0.21538491 0.44571225 0.60842595],2003,2004.0,6
amber,Kansas,[1999 2000 2001 2002 2003],[0.04858468 0.11637852 0.07603161 0.27701011 0.27701011],[0.04858468 0.15930899 0.22322808 0.43840175 0.59397015],2002,2003.0,5
amber,Kentucky,[1999 2000 2001 2002 2003],[0.02036314 0.03573555 0.09317821 0.25405741 0.25856414],[0.02036314 0.055371   0.14338984 0.361018   0.52623584],2003,2003.0,5
amber,Louisiana,[1999 2000 2001 2002 2003],[0.02048995 0.0487846  0.10998653 0.25090879 0.25090879],[0.02048995 0.06827495 0.17075216 0.37881773 0.53467782],2002,2003.0,5
amber,Maine,"[1999 2000 2001 2002 2003 2004 2005 2006 2007 2008 2009 2010 2011 2012
 2013]","[0.02450453 0.02792875 0.11159463 0.04543673 0.04543673 0.04543673
 0.04543673 0.04543673 0.04543673 0.04543673 0.04543673 0.04543673
 0.04543673 0.04543673 0.04543673]","[0.02450453 0.0517489  0.15756863 0.19584596 0.23238409 0.26726205
 0.30055527 0.33233575 0.36267224 0.39163033 0.41927266 0.44565901
 0.47084646 0.49488947 0.51784004]",2002,2013.0,15
amber,Maryland,[1999 2000 2001 2002 2003],[0.02593391 0.04892854 0.13961694 0.29650085 0.29650085],[0.02593391 0.07359354 0.20293558 0.43926586 0.60552401],2002,2003.0,5
amber,Massachusetts,[1999 2000 2001 2002 2003 2004],[0.02798587 0.05409323 0.04068212 0.22545123 0.22545123 0.22545123],[0.02798587 0.08056526 0.11796982 0.31682461 0.47084735 0.59014547],2002,2004.0,6
amber,Michigan,[1999 2000 2001 2002 2003 2004 2005 2006 2007 2008 2009 2010 2011 2012],"[0.02269161 0.04116381 0.05375555 0.05375555 0.05375555 0.05375555
 0.05375555 0.05375555 0.05375555 0.05375555 0.05375555 0.05375555
 0.05375555 0.05375555]","[0.02269161 0.06292135 0.11329452 0.16095987 0.20606293 0.24874145
 0.28912577 0.32733921 0.36349846 0.39771395 0.43009017 0.46072598
 0.48971496 0.51714561]",2001,2012.0,14
amber,Minnesota,[1999 2000 2001 2002 2003 2004],[0.02923091 0.03505147 0.08757972 0.09966439 0.31526088 0.31526088],[0.02923091 0.0632578  0.14529742 0.23048083 0.47308012 0.63919734],2003,2004.0,6
amber,Mississippi,[1999 2000 2001 2002 2003 2004 2005 2006],"[0.01727235 0.03341307 0.05926994 0.12927579 0.12927579 0.12927579
 0.12927579 0.12927579]","[0.01727235 0.0501083  0.10640832 0.22192809 0.32251395 0.41009649
 0.48635673 0.55275837]",2002,2006.0,8
amber,Missouri,[1999 2000 2001 2002 2003 2004],[0.02923272 0.05400459 0.09100879 0.20830944 0.20830944 0.20830944],[0.02923272 0.0816586  0.16523575 0.33912502 0.47679151 0.58578078],2002,2004.0,6
amber,Montana,[1999 2000 2001 2002 2003 2004 2005],"[0.00879938 0.01837769 0.03920214 0.06059984 0.23247657 0.23247657
 0.23247657]","[0.00879938 0.02701535 0.06515843 0.12180968 0.32596835 0.48266491
 0.6029332 ]",2003,2005.0,7
amber,Nevada,[1999 2000 2001 2002 2003],[0.01803407 0.02969945 0.06630166 0.2010397  0.34212237],[0.01803407 0.04719791 0.11037027 0.28922116 0.53239451],2003,2003.0,5
amber,New Hampshire,[1999 2000 2001 2002 2003],[0.01658099 0.02703948 0.03240272 0.26253881 0.32221289],[0.01658099 0.04317213 0.07417595 0.3172407  0.53723455],2003,2003.0,5
amber,New Jersey,[1999 2000 2001 2002 2003],[0.03247722 0.04027396 0.04345785 0.26829216 0.26829216],[0.03247722 0.07144319 0.11179626 0.35009436 0.52445895],2002,2003.0,5
amber,New Mexico,[1999 2000 2001 2002 2003 2004],[0.03733106 0.05880939 0.08145842 0.22128283 0.20480701 0.20480701],[0.03733106 0.09394503 0.16775083 0.35191329 0.48464599 0.5901941 ],2003,2004.0,6
amber,New York,[1999 2000 2001 2002 2003],[0.05769952 0.05067069 0.07311592 0.24922269 0.24922269],[0.05769952 0.10544654 0.17085264 0.37749498 0.53263735],2002,2003.0,5
amber,North Carolina,[1999 2000 2001 2002 2003],[0.01925183 0.03488092 0.06223873 0.23464377 0.31596842],[0.01925183 0.05346123 0.1123726  0.32064884 0.53530235],2003,2003.0,5
amber,North Dakota,"[1999 2000 2001 2002 2003 2004 2005 2006 2007 2008 2009 2010 2011 2012
 2013 2014 2015 2016 2017 2018 2019 2020 2021 2022]","[0.01710742 0.01174272 0.02312251 0.01943846 0.01943846 0.01943846
 0.01943846 0.01943846 0.01943846 0.01943846 0.01943846 0.01943846
 0.01943846 0.01943846 0.01943846 0.01943846 0.01943846 0.01943846
 0.01943846 0.01943846 0.01943846 0.01943846 0.01943846]","[0.01710742 0.02864925 0.05110932 0.0695543  0.08764074 0.1053756
 0.12276572 0.13981781 0.15653843 0.17293403 0.18901092 0.2047753
 0.22023325 0.23539072 0.25025355 0.26482747 0.27911809 0.29313093
 0.30687138 0.32034473 0.33355619 0.34651083 0.35921366]",2002,,24
amber,Ohio,[1999 2000 2001 2002 2003],[0.01464182 0.03034516 0.08264753 0.32700611 0.36204235],[0.01464182 0.04454268 0.12350887 0.41012683 0.6236859 ],2003,2003.0,5
amber,Oklahoma,[1999],[0.66254548],[0.66254548],1999,1999.0,1
amber,Oregon,[1999 2000 2001 2002 2003 2004 2005 2006],"[0.0186844  0.02748127 0.04326917 0.12018836 0.12018836 0.12018836
 0.12018836 0.12018836]","[0.0186844  0.0456522  0.08694603 0.19668449 0.29323366 0.37817874
 0.45291442 0.51866773]",2002,2006.0,8
amber,Pennsylvania,[1999 2000 2001 2002 2003],[0.02461156 0.02692022 0.0424454  0.3184147  0.3184147 ],[0.02461156 0.05086924 0.09115548 0.38054494 0.57778854],2002,2003.0,5
amber,Rhode Island,[1999 2000 2001 2002 2003 2004],[0.01348872 0.05136838 0.03430363 0.21500366 0.21500366 0.21500366],[0.01348872 0.06416421 0.09626677 0.29057273 0.44310219 0.56283726],2002,2004.0,6
amber,South Carolina,[1999 2000 2001 2002 2003 2004 2005 2006],"[0.01124358 0.03047654 0.04169843 0.12876337 0.12876337 0.12876337
 0.12876337 0.12876337]","[0.01124358 0.04137745 0.08135051 0.19963891 0.3026961  0.3924833
 0.4707092  0.53886246]",2002,2006.0,8
amber,South Dakota,[1999 2000 2001 2002 2003 2004],[0.00732605 0.02396869 0.02779932 0.08346532 0.26987887 0.26987887],[0.00732605 0.03111914 0.05805337 0.13667324 0.36966689 0.53978048],2003,2004.0,6
amber,Tennessee,[1999 2000 2001 2002 2003],[0.01712972 0.09972973 0.05028999 0.22762412 0.29667344],[0.01712972 0.11515111 0.15965015 0.35093404 0.54349468],2003,2003.0,5
amber,Texas,[1999 2000 2001 2002],[0.04996593 0.10683585 0.32012707 0.31957601],[0.04996593 0.15146362 0.42310309 0.6074655 ],2002,2002.0,4
amber,Utah,[1999 2000 2001 2002 2003 2004 2005],"[0.0132859  0.03471335 0.04984304 0.17667871 0.17667871 0.17667871
 0.17667871]","[0.0132859  0.04753805 0.09501165 0.25490383 0.38654646 0.49493064
 0.58416565]",2002,2005.0,7
amber,Vermont,[1999 2000 2001 2002 2003 2004],[0.02411683 0.03150886 0.0759321  0.21614233 0.25469368 0.25469368],[0.02411683 0.0548658  0.12663182 0.31540365 0.48976602 0.61971939],2003,2004.0,6
amber,Virginia,[1999 2000 2001 2002 2003 2004 2005 2006 2007],"[0.01299857 0.02905512 0.04237246 0.1126591  0.1126591  0.1126591
 0.1126591  0.1126591  0.1126591 ]","[0.01299857 0.04167602 0.08228256 0.18567178 0.27741327 0.35881924
 0.43105409 0.49515102 0.55202685]",2002,2007.0,9
amber,Washington,[1999 2000 2001 2002 2003 2004],[0.0232824  0.10820553 0.06002202 0.15445156 0.15445156 0.15445156],[0.0232824  0.12896864 0.18124971 0.30770696 0.4146327  0.50504359],2002,2004.0,6
amber,West Virginia,[1999 2000 2001 2002 2003 2004],[0.01809127 0.01292378 0.02750916 0.22932544 0.22932544 0.22932544],[0.01809127 0.03078124 0.05744363 0.27359579 0.44017875 0.56856001],2002,2004.0,6
amber,Wisconsin,[1999 2000 2001 2002 2003 2004],[0.01602018 0.02703994 0.06088343 0.11427303 0.23755017 0.23755017],[0.01602018 0.04262693 0.10091509 0.20365625 0.39282784 0.53706169],2003,2004.0,6
amber,Wyoming,[1999 2000 2001 2002 2003 2004 2005],"[0.0262359  0.03762116 0.02416443 0.08446532 0.15016199 0.21123973
 0.21123973]","[0.0262359  0.06287003 0.08551524 0.16275749 0.28847949 0.43878089
 0.55733267]",2004,2005.0,7
