"state","year","republican","legprof_squire","exp_pupil10000_adj","mathscore4th","readscore4th","time","intercept","event"
"Alabama",1989,0,11.3333333333333,0.841255052500619,209.9875,209.651,24,1,0
"Alabama",1990,0,13.1,0.779250163978243,231.286,216.273,19,1,0
"Alabama",1991,0,11.2714285714286,0.563271526973652,221.304333333333,218.273,11,1,0
"Alabama",1992,0,12.3875,0.564187128831996,217.223,216.389,11,1,0
"Alabama",1993,0,7.61428571428571,0.841255052500619,225.071,209.109,22,1,0
"Alabama",1994,0,13.525,1.0142852022374,233,207.358,0,1,0
"Alabama",1995,1,13.525,1.0142852022374,223.345,207.418,18,1,0
"Alabama",1996,1,12.3875,0.564187128831996,227.963,209.109,15,1,0
"Alabama",1997,0,12.2166666666667,0.707826071857728,217.223,207.418,10,1,0
"Alabama",1998,0,12.3875,0.626400070894873,211.647,207.418,6,1,0
"Alabama",1999,0,7.8,0.795338915932941,219.263666666667,216.389,0,1,0
"Alabama",2000,0,13.1,0.795338915932941,231.286,206.88,12,1,0
"Alabama",2001,0,15.56,0.643663064974653,225.071,211.338,19,1,0
"Alabama",2002,1,10.3571428571429,1.02683982443975,217.223,208.8075,15,1,0
"Alabama",2003,0,11.25,0.910096874753891,231.286,218.273,20,1,0
"Alabama",2004,0,11.3333333333333,0.835378279123589,208.328,208.8075,3,1,0
"Alabama",2005,0,9.74,0.953119297011995,221.304333333333,207.964,10,1,0
"Alabama",2006,0,10.3571428571429,0.564187128831996,210.81725,208.8075,5,1,0
"Alabama",2007,1,14.6625,0.869684348117415,224.208,207.358,16,1,0
"Alabama",2008,0,8.975,1.0142852022374,208.328,210.4945,3,1,0
"Alabama",2009,0,7.8,0.910096874753891,210.81725,219.6365,9,1,0
"Alabama",2010,0,11.3333333333333,0.707826071857728,228.52,212.0705,11,1,0
"Alabama",2011,0,11.2714285714286,1.02683982443975,228.52,207.964,10,1,0
"Alabama",2012,1,13.1,0.590068800167993,208.328,207.418,15,1,0
"Alabama",2013,0,12.3875,0.869684348117415,214.435,207.358,15,1,0
"Alabama",2014,0,14.6625,0.643663064974653,227.963,219.6365,10,1,0
"Alabama",2015,0,15.56,0.73432235314566,208.328,216.331,8,1,0
"Alabama",2016,0,9.74,0.564187128831996,208.328,212.0705,0,1,0
"Alabama",2017,0,8.975,0.626400070894873,214.435,208.8075,15,1,0
"Alabama",2018,0,8.68333333333333,0.993370133444093,213.041,207.358,0,1,0
"Alabama",2019,0,11.68,0.993370133444093,208.328,216.273,23,1,0
"Alaska",1989,1,23.1285714285714,1.46129964029087,235.511,211.547,18,1,0
"Alaska",1990,1,22.7714285714286,1.5203049694482,236.3925,211.547,15,1,0
"Alaska",1991,1,23.1285714285714,1.39306947392405,226.449857142857,211.547,12,1,0
"Alaska",1992,1,24.1875,1.35848680224307,223.833,211.547,10,1,0
"Alaska",1993,0,23.0571428571429,1.5203049694482,229.066714285714,211.304,15,1,0
"Alaska",1994,0,22.7,1.60105840487846,236.3925,211.547,15,1,0
"Alaska",1995,0,22.7,1.52251183494221,223.833,212.769,1,1,0
"Alaska",1996,1,22.7714285714286,1.60105840487846,236.3925,211.547,15,1,0
"Alaska",1997,1,22.1,1.60105840487846,226.449857142857,211.547,17,1,0
"Alaska",1998,0,22.7,1.52251183494221,232.992,212.769,2,1,0
"Alaska",1999,0,29.125,1.45720863895946,227.758285714286,211.547,13,1,0
"Alaska",2000,0,22.5,1.34923086893929,223.833,211.547,2,1,0
"Alaska",2001,0,25.175,1.41700142030824,232.992,211.547,10,1,0
"Alaska",2002,0,28.1375,1.58116195950558,229.066714285714,211.547,2,1,0
"Alaska",2003,0,23.0571428571429,1.41700142030824,225.141428571429,211.547,14,1,0
"Alaska",2004,0,30.1125,1.52251183494221,237.274,211.547,18,1,0
"Alaska",2005,1,24.1875,1.45720863895946,225.141428571429,211.547,16,1,0
"Alaska",2006,0,22.8428571428571,1.5203049694482,223.833,211.547,8,1,0
"Alaska",2007,1,22.5,1.27712674483066,227.758285714286,211.061,3,1,0
"Alaska",2008,1,23.2,1.27712674483066,230.375142857143,211.547,5,1,0
"Alaska",2009,0,22.8428571428571,1.41700142030824,235.511,211.061,12,1,0
"Alaska",2010,0,21.9,1.39306947392405,229.066714285714,211.547,3,1,0
"Alaska",2011,1,27.15,1.58116195950558,237.274,211.547,16,1,0
"Alaska",2012,0,22.7,1.27712674483066,230.375142857143,211.547,5,1,0
"Alaska",2013,1,21.9,1.34923086893929,223.833,211.547,11,1,0
"Alaska",2014,1,22.7714285714286,1.41685007127649,223.833,211.547,3,1,0
"Alaska",2015,0,22.9857142857143,1.50607913936489,223.833,211.547,14,1,0
"Alaska",2016,1,23.0571428571429,1.60105840487846,223.833,211.547,6,1,0
"Alaska",2017,0,22.8428571428571,1.50607913936489,223.833,211.547,9,1,0
"Alaska",2018,0,22.7,1.47737224791887,225.141428571429,211.547,16,1,0
"Alaska",2019,0,23.2,1.5203049694482,234.2515,211.547,17,1,0
"Arizona",1989,0,19.1714285714286,0.847783124890029,234,215,5,1,0
"Arizona",1990,0,24.1875,0.840793571262781,216.9955,206.2685,2,1,0
"Arizona",1991,1,26.4,0.967855859551178,236,208.332,28,1,0
"Arizona",1992,0,21.1857142857143,0.853375949177302,239,208.873,29,1,0
"Arizona",1993,1,24.1875,0.768786021556328,237.579,211.192,28,1,0
"Arizona",1994,0,26.4,0.847783124890029,231.937,216,20,1,0
"Arizona",1995,1,19.1714285714286,0.847783124890029,228.911,212.395,28,1,0
"Arizona",1996,1,20.5142857142857,0.748468425600234,218.222,213,30,1,0
"Arizona",1997,1,26.9833333333333,0.748972000252112,235.158,216,10,1,0
"Arizona",1998,1,26.4,0.960741331607795,217.899,212.395,8,1,0
"Arizona",1999,1,23.2,0.840793571262781,236,209.989,16,1,0
"Arizona",2000,1,21.1857142857143,0.840793571262781,225.563333333333,208.008,1,1,0
"Arizona",2001,0,24.5,0.757623389545942,217.576,206.324,17,1,0
"Arizona",2002,0,26.6333333333333,0.840793571262781,234,205.619,22,1,0
"Arizona",2003,1,26.4,0.740854955632713,235.158,208.873,27,1,0
"Arizona",2004,1,26.6333333333333,0.756734511591051,218.222,206.324,27,1,0
"Arizona",2005,0,26.4,0.740854955632713,215.254,206.3795,9,1,0
"Arizona",2006,0,18.5,0.912006208243969,238,214,19,1,0
"Arizona",2007,1,21.75,0.768786021556328,225.563333333333,205.619,27,1,0
"Arizona",2008,0,26.4,0.869009279986604,238,208.008,16,1,0
"Arizona",2009,0,26.4,0.873798024357419,215.254,209.755,13,1,0
"Arizona",2010,0,26.5166666666667,0.747064334038486,230.869,205.891,13,1,0
"Arizona",2011,1,25.8,0.745549437349014,240,206.324,9,1,0
"Arizona",2012,1,26.6333333333333,0.967855859551178,218.545,209.402,21,1,0
"Arizona",2013,0,19.1714285714286,0.728884628597841,229.991,212.6975,5,1,0
"Arizona",2014,1,25.8,0.728884628597841,215.254,214,23,1,0
"Arizona",2015,0,20.125,0.869009279986604,216.9955,205.891,25,1,0
"Arizona",2016,0,26.6333333333333,0.817256227472205,218.222,208.332,13,1,0
"Arizona",2017,1,21.1857142857143,0.853375949177302,229.991,215,22,1,0
"Arizona",2018,1,21.8571428571429,0.728884628597841,230.869,208.332,29,1,0
"Arizona",2019,1,26.4,0.756734511591051,238,211.192,30,1,0
"Arkansas",1989,0,10.4625,0.78880780512214,232.276,210.9,10,1,0
"Arkansas",1990,0,10.6,0.642471279995202,216.0935,208.634,3,1,0
"Arkansas",1991,0,10.4285714285714,0.621457177622349,229.007,210.812,0,1,0
"Arkansas",1992,0,10.4285714285714,0.677078263252585,210.206,210.9,3,1,0
"Arkansas",1993,0,10.7,1.03277038426972,213.026,210.9,14,1,0
"Arkansas",1994,0,10.5142857142857,0.677093269246822,210.206,213.615,16,1,0
"Arkansas",1995,0,10.4285714285714,0.71742460255999,215.9285,211.847,0,1,0
"Arkansas",1996,0,10.4857142857143,0.621457177622349,220.453,208.688,17,1,0
"Arkansas",1997,0,10.4285714285714,0.677093269246822,236.608,208.688,5,1,0
"Arkansas",1998,0,10.4857142857143,1.03277038426972,236.608,208.715,16,1,0
"Arkansas",1999,0,10.4125,0.890885628811778,235.545,215.3435,9,1,0
"Arkansas",2000,0,10.425,0.705402518743361,229.007,210.9,15,1,0
"Arkansas",2001,0,10.5714285714286,0.78880780512214,210.206,211.847,12,1,0
"Arkansas",2002,0,10.6,0.810660585257993,216.011,208.742,16,1,0
"Arkansas",2003,0,10.4,0.677093269246822,220.453,208.715,17,1,0
"Arkansas",2004,0,10.4875,0.909079290036757,215.9285,208.634,15,1,0
"Arkansas",2005,0,10.5428571428571,0.890885628811778,214.436,210.9,17,1,0
"Arkansas",2006,0,10.4875,0.667594008949404,224.73,208.688,14,1,0
"Arkansas",2007,0,10.425,0.698236449931256,235.545,212.882,13,1,0
"Arkansas",2008,0,10.475,0.71742460255999,236.608,208.634,9,1,0
"Arkansas",2009,0,10.6,0.677078263252585,210.206,208.634,0,1,0
"Arkansas",2010,0,10.4625,0.698236449931256,213.026,212.882,5,1,0
"Arkansas",2011,0,10.5714285714286,0.658933679650164,229.007,211.847,8,1,0
"Arkansas",2012,0,10.4125,0.6119109171377,210.206,208.634,13,1,0
"Arkansas",2013,0,10.4,0.658933679650164,216.011,208.688,0,1,0
"Arkansas",2014,0,10.4125,0.99880062325249,213.026,210.812,9,1,0
"Arkansas",2015,0,10.5714285714286,0.677093269246822,235.545,208.634,15,1,0
"Arkansas",2016,0,10.4625,0.788920706030978,216.176,217.072,8,1,0
"Arkansas",2017,0,10.5714285714286,0.642471279995202,214.436,208.715,9,1,0
"Arkansas",2018,0,10.5714285714286,0.810660585257993,210.206,215.3435,16,1,0
"Arkansas",2019,0,10.4875,0.6119109171377,214.436,215.3435,5,1,0
"California",1989,0,60.35,0.827601718031134,211.80275,205.044,0,1,0
"California",1990,0,58.45,0.92638887075019,217.614333333333,198.17925,5,1,0
"California",1991,0,61.8142857142857,0.8297791645856,208.399,204.171,8,1,0
"California",1992,0,61.0285714285714,0.92638887075019,222.534666666667,201.00975,19,1,0
"California",1993,0,60.2428571428571,0.98982305809471,230.8545,198.17925,6,1,0
"California",1994,0,57.775,0.824301924955826,208.399,201.00975,16,1,0
"California",1995,0,58.85,1.10350765227902,208.399,202.248,17,1,0
"California",1996,0,58.85,0.92638887075019,208.764,207.517,16,1,0
"California",1997,0,58.1,1.10350765227902,230.034,206.512,15,1,1
"Colorado",1989,0,20.05,1.05842629490626,223.4145,221.609,5,1,0
"Colorado",1990,0,18.9142857142857,1.040374228777,221.023,223.6945,14,1,0
"Colorado",1991,0,18.8,0.910903702362746,225.806,221.609,12,1,0
"Colorado",1992,0,19.95,0.910236058995573,232.511,223.661,1,1,0
"Colorado",1993,0,20.2,1.01272887878227,221.023,216.525,13,1,0
"Colorado",1994,0,18.0571428571429,0.836706312736207,221.023,213.481,15,1,0
"Colorado",1995,0,19.7714285714286,0.874456180415744,239.216,224.715,18,1,0
"Colorado",1996,0,18.0571428571429,0.859765148126575,235.193,223.6945,7,1,0
"Colorado",1997,0,20.4,0.836706312736207,240.206,216.525,16,1,0
"Colorado",1998,1,17.6285714285714,1.05842629490626,232.511,220.241,11,1,0
"Colorado",1999,1,17.2,0.859765148126575,223.4145,224.715,14,1,0
"Colorado",2000,0,28.4,0.894545090470858,233.852,223.661,15,1,0
"Colorado",2001,0,18.0571428571429,0.871547140150189,231.17,216.525,2,1,0
"Colorado",2002,0,28.4,0.897303346057452,240.206,220.241,8,1,0
"Colorado",2003,0,20.05,1.01272887878227,232.511,216.861,2,1,0
"Colorado",2004,0,20.2,1.10753899375578,233.852,216.525,9,1,0
"Colorado",2005,0,18.9142857142857,0.874456180415744,228.488,222.293,17,1,0
"Colorado",2006,1,26.8,0.910903702362746,239.711,222.977,16,1,0
"Colorado",2007,0,26.8,1.01272887878227,233.852,223.656,18,1,0
"Colorado",2008,0,20.4,0.871547140150189,223.4145,215.171,12,1,0
"Colorado",2009,1,17.2,0.871547140150189,237.2045,220.241,11,1,0
"Colorado",2010,0,17.6285714285714,0.894545090470858,224.61025,223.733,18,1,0
"Colorado",2011,0,17.6285714285714,0.881091647575194,221.023,215.171,15,1,0
"Colorado",2012,0,18.8,1.04376528757985,231.17,216.525,1,1,0
"Colorado",2013,0,20.15,0.894545090470858,240.206,220.925,6,1,0
"Colorado",2014,0,18.0571428571429,0.859347276335699,237.2045,220.925,17,1,0
"Colorado",2015,1,28.4,0.874456180415744,239.711,224.715,11,1,0
"Colorado",2016,1,20.1,1.04376528757985,231.17,216.525,5,1,0
"Colorado",2017,0,19.3428571428571,0.910236058995573,241.669,221.609,3,1,0
"Colorado",2018,1,28.4,0.881091647575194,229.829,216.525,15,1,0
"Colorado",2019,1,23.6,1.05312042007081,224.61025,223.6585,2,1,0
"Connecticut",1989,0,17.9714285714286,1.47195134297929,232.027,229.381,6,1,0
"Connecticut",1990,0,19.4,1.37668322467091,232.8975,221.613,14,1,0
"Connecticut",1991,0,17.9714285714286,1.8311250226111,240.615,228.088,13,1,0
"Connecticut",1992,0,18.925,1.40441171685682,232.8975,229.537,13,1,0
"Connecticut",1993,0,19.2,1.39211515351574,240.615,226.4785,18,1,0
"Connecticut",1994,0,19,1.8311250226111,233.33275,228.972,9,1,0
"Connecticut",1995,0,23.15,1.37668322467091,242.756,228.972,2,1,0
"Connecticut",1996,0,18.3142857142857,1.38885002043519,240.615,226.4785,7,1,0
"Connecticut",1997,0,18.1428571428571,1.65062470114119,242.7065,221.613,8,1,0
"Connecticut",1998,0,19.2,1.65062470114119,229.4125,227.047,11,1,0
"Connecticut",1999,0,18.1428571428571,1.39211515351574,232.46225,229.849,10,1,0
"Connecticut",2000,0,19.4,1.38885002043519,241.368,228.341,18,1,0
"Connecticut",2001,0,18.925,1.6937930251496,236.050333333333,227.047,15,1,0
"Connecticut",2002,0,21.7375,1.60068236135808,232.46225,226.4785,16,1,0
"Connecticut",2003,0,20.6125,1.65062470114119,240.615,221.613,2,1,0
"Connecticut",2004,0,19,1.38885002043519,236.050333333333,221.613,0,1,0
"Connecticut",2005,0,18.6571428571429,1.87049142086177,240.615,229.693,9,1,0
"Connecticut",2006,0,18.3625,1.83492536914937,226.798,225.753,9,1,0
"Connecticut",2007,0,18.1428571428571,1.53413482234007,229.4125,222.418,12,1,0
"Connecticut",2008,0,18.3142857142857,1.39898882897452,242.7065,226.2115,2,1,0
"Connecticut",2009,0,18.3142857142857,1.8311250226111,229.4125,226.2115,18,1,0
"Connecticut",2010,0,19.6,1.39898882897452,242.413,221.613,8,1,0
"Connecticut",2011,0,20.6125,1.38885002043519,232.8975,221.613,20,1,0
"Connecticut",2012,0,18.3142857142857,1.65062470114119,240.615,226.2115,12,1,0
"Connecticut",2013,0,18.8285714285714,1.89954960980041,226.798,226.2115,0,1,0
"Connecticut",2014,0,17.9714285714286,1.89954960980041,232.46225,226.4785,1,1,0
"Connecticut",2015,0,18.4857142857143,1.46568471083227,243.5655,228.10825,23,1,0
"Connecticut",2016,0,17.9714285714286,1.38476419853461,232.46225,227.047,18,1,0
"Connecticut",2017,0,18.1428571428571,1.37668322467091,226.798,230.005,6,1,0
"Connecticut",2018,0,21.7375,1.39898882897452,241.368,229.537,1,1,0
"Connecticut",2019,0,21.7375,1.41462331353979,242.7065,222.418,20,1,0
"Delaware",1989,0,17.15,1.47749572609155,217.9,225.513,2,1,0
"Delaware",1990,0,15.35,1.46307602137957,217.9,224.304,20,1,0
"Delaware",1991,0,15.35,1.35100049161885,223.953857142857,206.878,15,1,0
"Delaware",1992,0,15.5333333333333,1.25835479701889,215.74375,206.715,16,1,0
"Delaware",1993,0,14.8857142857143,1.49730661652122,216.4625,212.923,21,1,0
"Delaware",1994,0,17.15,1.1278203215787,217.9,212.923,20,1,0
"Delaware",1995,0,15.5333333333333,1.23186189675653,216.4625,219.98825,2,1,0
"Delaware",1996,0,14.9833333333333,1.08934822428806,240.643,212.923,10,1,0
"Delaware",1997,0,14.8428571428571,1.45554214024741,218.001285714286,212.923,12,1,0
"Delaware",1998,0,15.5333333333333,1.47749572609155,239.491,206.552,7,1,0
"Delaware",1999,0,15.7166666666667,1.23681972848062,215.025,206.715,21,1,0
"Delaware",2000,0,14.8857142857143,1.195348808638,239.9255,223.929,12,1,0
"Delaware",2001,0,16.125,1.46307602137957,239.491,225.322,18,1,0
"Delaware",2002,0,14.9285714285714,1.47749572609155,240.756,206.878,19,1,0
"Delaware",2003,0,17.6625,1.46434231216666,241.795,225.322,13,1,0
"Delaware",2004,0,14.8857142857143,1.47749572609155,215.025,225.513,19,1,0
"Delaware",2005,0,17.6625,1.08934822428806,217.9,224.304,15,1,0
"Delaware",2006,0,14.8,1.49730661652122,217.9,225.322,2,1,0
"Delaware",2007,0,17.6625,1.20100158736627,215.74375,225.071,20,1,0
"Delaware",2008,0,17.15,1.45554214024741,217.9,212.923,12,1,0
"Delaware",2009,0,14.8857142857143,1.08934822428806,241.795,224.304,5,1,0
"Delaware",2010,0,15.7166666666667,1.08934822428806,229.906428571429,212.923,21,1,0
"Delaware",2011,0,15.1666666666667,1.46434231216666,239.491,224.304,3,1,0
"Delaware",2012,0,18.1,1.23186189675653,217.9,206.389,15,1,0
"Delaware",2013,0,15.9,1.37009939946752,241.795,215.6725,8,1,0
"Delaware",2014,0,16.125,1.23681972848062,217.9,206.552,9,1,0
"Delaware",2015,0,14.9833333333333,1.08535694597631,239.717,219.98825,10,1,0
"Delaware",2016,0,14.9714285714286,1.1278203215787,223.953857142857,219.98825,9,1,0
"Delaware",2017,0,15.1666666666667,1.08535694597631,232.882714285714,225.4545,7,1,0
"Delaware",2018,0,15.1666666666667,1.09757226697697,239.9255,212.923,21,1,0
"Delaware",2019,0,15.9,1.46434231216666,239.717,211.35675,1,1,0
"Florida",1989,1,22.75,0.87969554069234,236.33,208.308,5,1,0
"Florida",1990,1,23.4142857142857,0.986678586291741,228.596142857143,221.5,17,1,0
"Florida",1991,0,22.75,0.888772153607808,220.896857142857,224.604,12,1,0
"Florida",1992,0,25.2,0.902024480446591,214.727,218.014,5,1,0
"Florida",1993,0,22.6714285714286,0.87969554069234,231.162571428571,223.535,7,1,0
"Florida",1994,1,24.9,0.910091127117999,220.896857142857,208.308,7,1,0
"Florida",1995,1,24.5285714285714,0.796463552439701,231.162571428571,208.308,15,1,0
"Florida",1996,1,23.625,0.887054734401038,215.2455,210.069,22,1,0
"Florida",1997,0,25.35,0.87969554069234,239.826,208.308,2,1,0
"Florida",1998,1,21.8666666666667,0.938369024273508,241.9825,207.901,14,1,0
"Florida",1999,0,23.0428571428571,1.06828436953353,213.69,205.5205,13,1,0
"Florida",2000,0,23.0428571428571,1.04717734653164,213.69,208.308,20,1,0
"Florida",2001,1,22.75,0.899017460253004,218.330428571429,210.069,10,1,0
"Florida",2002,1,23.0428571428571,0.910091127117999,213.69,208.308,1,1,0
"Florida",2003,0,21.2166666666667,0.91881658015373,215.2455,218.7395,1,1,0
"Florida",2004,1,23.0428571428571,1.03984754180358,242.02,205.308,6,1,0
"Florida",2005,0,21.8666666666667,0.877604068977461,223.463285714286,224.529,16,1,0
"Florida",2006,0,21.875,0.902024480446591,236.33,212.237,21,1,0
"Florida",2007,1,22.6714285714286,0.986678586291741,213.69,205.5205,20,1,0
"Florida",2008,1,24.5285714285714,0.87969554069234,213.69,210.069,1,1,0
"Florida",2009,1,21.65,0.91881658015373,240.4755,214.405,0,1,0
"Florida",2010,1,25.05,0.910091127117999,226.029714285714,212.237,3,1,0
"Florida",2011,1,23.0428571428571,0.877604068977461,240.4755,205.733,14,1,0
"Florida",2012,1,25.425,0.938369024273508,215.2455,218.7395,23,1,0
"Florida",2013,1,22.0833333333333,0.902585428678631,220.896857142857,207.901,9,1,0
"Florida",2014,1,21.875,1.03984754180358,226.029714285714,208.308,3,1,0
"Florida",2015,0,21.2166666666667,0.902585428678631,214.727,214.405,0,1,0
"Florida",2016,0,22.75,1.04717734653164,226.029714285714,208.308,18,1,0
"Florida",2017,1,21.4333333333333,0.910091127117999,213.69,204.883,6,1,0
"Florida",2018,0,23.0428571428571,0.980122739193791,213.69,225.673,22,1,0
"Florida",2019,1,25.425,0.938369024273508,241.945,223.535,15,1,0
"Georgia",1989,1,12.15,1.06568022019061,217.2165,218.888,19,1,0
"Georgia",1990,0,11.6,0.789241220422158,234.4225,221.4055,1,1,0
"Georgia",1991,0,11.6,1.02366223008615,235.209,212.341,22,1,0
"Georgia",1992,1,11.2142857142857,1.10236053202743,231.9455,207.6765,1,1,0
"Georgia",1993,0,11.025,0.758013944417932,215.5255,221.4055,3,1,0
"Georgia",1994,1,14.9,0.827626840512413,215.595,214.818,13,1,0
"Georgia",1995,0,12.15,0.977064124222237,218.977,220.811,19,1,0
"Georgia",1996,1,12.7,0.800269688864417,239.1835,206.844,16,1,0
"Georgia",1997,0,11.6,0.994105990340931,235.209,217.848,25,1,0
"Georgia",1998,0,11.6,0.867221243814187,216.33625,214.431,24,1,0
"Georgia",1999,1,14.9,1.06568022019061,236.03,214.431,3,1,0
"Georgia",2000,1,14.35,1.11468391719489,216.33625,214.014,19,1,0
"Georgia",2001,0,11.6,1.14463493242469,235.209,208.09275,10,1,0
"Georgia",2002,0,11.0857142857143,1.14463493242469,235.6195,213.597,26,1,0
"Georgia",2003,0,10.9571428571429,0.758013944417932,215.595,214.431,1,1,0
"Georgia",2004,0,11.0857142857143,0.805429952069551,237.1985,222,16,1,0
"Georgia",2005,1,11.0857142857143,1.11468391719489,215.595,222,9,1,0
"Georgia",2006,0,12,1.14463493242469,215.595,207.26025,6,1,0
"Georgia",2007,0,12.975,0.994105990340931,236,212.341,18,1,0
"Georgia",2008,1,12.15,1.11468391719489,236.03,216.6595,9,1,0
"Georgia",2009,0,11.6,0.970700706484706,235.6195,218.888,0,1,0
"Georgia",2010,0,10.7,0.827626840512413,215.456,207.26025,1,1,0
"Georgia",2011,0,11.6,1.06568022019061,218.09675,221.4055,26,1,0
"Georgia",2012,1,11.3428571428571,1.02366223008615,238.367,207.6765,23,1,0
"Georgia",2013,1,12.7,0.972350512088613,235.209,207.26025,21,1,0
"Georgia",2014,0,12,0.800269688864417,215.456,222,0,1,0
"Georgia",2015,1,11.35,1.06568022019061,217.2165,207.26025,22,1,0
"Georgia",2016,0,12.15,0.990576828402531,222.736333333333,210.08625,18,1,0
"Georgia",2017,0,11.6,0.789241220422158,236.03,213.24075,5,1,0
"Georgia",2018,0,11.6,1.08839353009474,230.255,212.341,0,1,0
"Georgia",2019,0,12.7,1.11468391719489,235.209,219.3295,9,1,0
"Hawaii",1989,0,25.2,1.37129707748677,234.286,212.1155,24,1,0
"Hawaii",1990,0,32.1,1.51785387987829,240.5,203.427,6,1,0
"Hawaii",1991,0,24.0428571428571,1.32540115102004,240.911,200.01525,13,1,0
"Hawaii",1992,0,32.1,0.964134427449992,214.057,208.9195,8,1,0
"Hawaii",1993,0,23.1166666666667,1.57626964925303,239,205.6205,20,1,0
"Hawaii",1994,0,25.5833333333333,0.992187489131061,219.824333333333,209.579,15,1,0
"Hawaii",1995,0,32.1,1.30920284061868,223.329666666667,200.59175,14,1,0
"Hawaii",1996,0,32.1,1.37129707748677,238,213.497,27,1,0
"Hawaii",1997,0,24.0428571428571,0.977062566863584,214.966,203.656,15,1,0
"Hawaii",1998,0,23.2714285714286,1.4472565988764,237.251,211.538,18,1,0
"Hawaii",1999,0,23.7333333333333,0.929534616141673,219.824333333333,212.0565,26,1,0
"Hawaii",2000,0,23.6571428571429,1.21198336140623,214.73875,213.497,27,1,0
"Hawaii",2001,0,32.1,1.4472565988764,228.466,211.538,10,1,0
"Hawaii",2002,0,28.1666666666667,1.17919210669659,214.057,213.615,18,1,0
"Hawaii",2003,0,25.5,0.94880217491878,238.5,215,6,1,0
"Hawaii",2004,0,24.0428571428571,0.964134427449992,238,209.579,8,1,0
"Hawaii",2005,0,24.8142857142857,1.4472565988764,234.983,218,17,1,0
"Hawaii",2006,0,32.1,1.36092200400399,237.251,203.427,22,1,0
"Hawaii",2007,0,32.1,0.929534616141673,232.1915,217,30,1,1
"Idaho",1989,1,13.6333333333333,0.829177274884922,240.329,219.317,23,1,0
"Idaho",1990,1,12.125,0.756589508518749,223.0175,223,20,1,0
"Idaho",1991,1,16.9,0.845309620297145,221.563,219.915,23,1,0
"Idaho",1992,1,12.6,0.55192391088453,222.653875,220.9265,16,1,0
"Idaho",1993,1,12.6,0.55192391088453,221.563,222.2135,28,1,0
"Idaho",1994,1,13.5,0.75978071028401,239,220.0378,18,1,0
"Idaho",1995,1,12.9,0.75978071028401,224.108375,219.7675,15,1,0
"Idaho",1996,1,11.8,0.833460099630102,227.962666666667,219.7675,6,1,0
"Idaho",1997,1,12.3125,0.756589508518749,239.5,223,18,1,0
"Idaho",1998,1,12,0.791163111614421,240,220.06,21,1,0
"Idaho",1999,1,13.6333333333333,0.756589508518749,240.686,219.8576,30,1,0
"Idaho",2000,1,13.2,0.804137081991374,221.563,219.317,0,1,0
"Idaho",2001,1,12.125,0.754281458344587,241.043,222.2135,15,1,0
"Idaho",2002,1,12.2,0.792281288750418,240.903,222,20,1,0
"Idaho",2003,1,15.2666666666667,0.75978071028401,240,219.317,14,1,0
"Idaho",2004,1,11.375,0.55192391088453,222.653875,219.317,27,1,0
"Idaho",2005,1,11.8,0.775143976376687,222.29025,223,26,1,0
"Idaho",2006,0,13.8,0.838915620524926,240.329,221.86,3,1,0
"Idaho",2007,1,13.5,0.829177274884922,239.5,222.5,7,1,0
"Idaho",2008,1,11.375,0.672879767668115,223.0175,219.8576,21,1,0
"Idaho",2009,1,12.3125,0.75978071028401,241,219.6774,21,1,0
"Idaho",2010,1,12.6,0.831868073643418,221.563,219.5873,3,1,0
"Idaho",2011,1,13.2,0.85787997554204,241.2765,220.1279,17,1,0
"Idaho",2012,1,16.9,0.775143976376687,221.563,219.317,30,1,0
"Idaho",2013,0,16.9,0.754281458344587,239,219.9477,29,1,0
"Idaho",2014,1,12.2,0.85787997554204,240.973,220.218,11,1,0
"Idaho",2015,1,16.9,0.833460099630102,223.381125,223.404,24,1,0
"Idaho",2016,1,15.2666666666667,0.816991678892543,241.043,221.86,30,1,0
"Idaho",2017,1,11.375,0.742388133189314,221.563,222.5,28,1,0
"Idaho",2018,1,11.8,0.792281288750418,223.381125,220.9265,16,1,0
"Idaho",2019,1,11.375,0.756589508518749,241.65,219,17,1,0
"Illinois",1989,0,25.0285714285714,0.973956434489317,237.7865,216.304,17,1,0
"Illinois",1990,0,24.3142857142857,1.11830089736829,232.962,219.2615,3,1,0
"Illinois",1991,0,29.375,1.19199595598992,229.563333333333,216.304,8,1,0
"Illinois",1992,0,27.725,0.983219654803634,222.976,216.304,18,1,0
"Illinois",1993,0,26.9,0.955889823004124,222.976,216.49,14,1,0
"Illinois",1994,0,27.1,0.976335662459241,232.962,216.304,9,1,0
"Illinois",1995,0,24.6714285714286,0.955889823004124,222.976,216.397,16,1,0
"Illinois",1996,0,26.1,0.960426142707183,222.976,216.304,8,1,0
"Illinois",1997,0,24.6714285714286,1.26705058573134,222.976,216.304,6,1,0
"Illinois",1998,0,25.7428571428571,0.976335662459241,238.5615,219.2615,16,1,0
"Illinois",1999,0,26.9,0.955889823004124,222.976,216.304,1,1,0
"Illinois",2000,0,23.6,1.23458864508784,222.976,216.304,17,1,0
"Illinois",2001,0,26.4333333333333,1.31292951066856,226.269666666667,216.304,7,1,0
"Illinois",2002,0,27.4333333333333,0.973956434489317,222.976,219.387,12,1,0
"Illinois",2003,0,27.725,1.2278949754394,222.976,216.397,0,1,0
"Illinois",2004,0,28.75,1.41617573994561,229.563333333333,217.9385,20,1,0
"Illinois",2005,0,26.9,0.976335662459241,222.976,216.304,10,1,0
"Illinois",2006,0,25.3857142857143,1.11830089736829,233.067,216.304,0,1,0
"Illinois",2007,0,25.7428571428571,1.2278949754394,222.976,216.304,21,1,0
"Illinois",2008,0,26.1,1.23458864508784,235.177,216.304,20,1,0
"Illinois",2009,0,23.9571428571429,0.948387521368828,222.976,216.304,11,1,0
"Illinois",2010,0,26.1,1.26705058573134,222.976,216.304,15,1,0
"Illinois",2011,0,29.375,1.46686042474996,222.976,216.304,17,1,0
"Illinois",2012,0,25.7428571428571,1.19199595598992,222.976,216.304,9,1,0
"Illinois",2013,0,23.9571428571429,1.11830089736829,233.067,216.304,3,1,0
"Illinois",2014,0,26.4333333333333,0.947834997548991,229.563333333333,219.387,6,1,0
"Illinois",2015,1,29.375,0.955889823004124,222.976,216.304,9,1,0
"Illinois",2016,0,24.6714285714286,0.947834997548991,238.286,216.304,1,1,0
"Illinois",2017,0,27.4333333333333,0.948387521368828,229.563333333333,216.49,7,1,0
"Illinois",2018,0,28.75,0.955889823004124,222.976,216.397,7,1,0
"Illinois",2019,0,25.0285714285714,0.960426142707183,226.269666666667,216.304,13,1,0
"Indiana",1989,0,10.4285714285714,1.11480427799663,234.673333333333,221.615375,20,1,0
"Indiana",1990,0,16.95,1.05449787763542,221.038,221.146,17,1,0
"Indiana",1991,0,10.3714285714286,1.05449787763542,221.038,218.073,13,1,0
"Indiana",1992,0,16.05,0.921261651186163,227.305,220.027625,1,1,0
"Indiana",1993,0,10.2,0.921261651186163,234.673333333333,221.086125,9,1,0
"Indiana",1994,0,11.425,1.11480427799663,232.118,219.873,20,1,0
"Indiana",1995,0,12.6,1.11448251933367,221.038,221.146,18,1,0
"Indiana",1996,0,10.2571428571429,1.05424059378241,232.118,219.2395,2,1,0
"Indiana",1997,0,15,1.06804358511371,230.302,219.763,11,1,0
"Indiana",1998,0,10.5428571428571,1.12948089808205,243.837,220.731,18,1,0
"Indiana",1999,0,10.3714285714286,1.01321384343063,246.4185,221.086125,10,1,0
"Indiana",2000,0,16.95,1.06804358511371,236.320666666667,219.763,11,1,0
"Indiana",2001,1,10.2571428571429,1.11041912240118,237.968,220.8215,19,1,0
"Indiana",2002,0,12.25,1.13828746312789,236.320666666667,219.763,13,1,0
"Indiana",2003,1,12.6625,1.0687665631936,237.968,221.146,14,1,0
"Indiana",2004,0,11.425,0.840866970813333,242.617,222.8655,17,1,0
"Indiana",2005,0,12.6625,0.869805963870442,231.21,222.659,18,1,0
"Indiana",2006,0,13.075,1.19869151348545,221.038,218.073,22,1,0
"Indiana",2007,0,16.5,1.11448251933367,246.4185,221.146,23,1,0
"Indiana",2008,0,11.425,1.0687665631936,245.144,220.8215,12,1,0
"Indiana",2009,0,16.05,0.840866970813333,221.038,222.8655,16,1,0
"Indiana",2010,0,10.4857142857143,1.0687665631936,227.305,221.88,14,1,0
"Indiana",2011,0,13.8,1.05424059378241,243.8805,222.659,6,1,0
"Indiana",2012,0,12.6,1.11448251933367,230.302,221.35075,19,1,0
"Indiana",2013,0,12.25,0.840866970813333,242.617,221.146,23,1,1
"Iowa",1989,0,24.1,1.01808865810774,242.605,220.707,7,1,0
"Iowa",1990,0,21.7375,1.21722006086594,242,222.16925,28,1,0
"Iowa",1991,0,16.8285714285714,1.03556395165888,239.881,225.49,26,1,0
"Iowa",1992,0,16.9,0.925383315530518,246,221,28,1,0
"Iowa",1993,1,16.4,1.1745987248083,229.505,220.92125,16,1,0
"Iowa",1994,0,19.1666666666667,0.842583908993438,236.009,225.49,20,1,0
"Iowa",1995,0,17.925,0.819985873120051,242.605,221,6,1,0
"Iowa",1996,1,16.5714285714286,1.17192410608498,239.179,225.49,18,1,0
"Iowa",1997,0,21.7375,1.03556395165888,229.61275,222.3535,27,1,0
"Iowa",1998,0,16.7428571428571,0.910820147217701,230.58625,221,12,1,0
"Iowa",1999,0,20.2125,1.03279252447836,236.009,225.49,28,1,0
"Iowa",2000,0,16.75,1.20512666007174,246,222.04,3,1,0
"Iowa",2001,0,16.8285714285714,0.850626918958559,233.541,222.853,0,1,0
"Iowa",2002,0,16.95,0.83778197874645,243,225.49,21,1,0
"Iowa",2003,1,17,0.889152984756026,229.3155,221.4855,13,1,0
"Iowa",2004,0,24.1,1.22944495310021,242.708,224,15,1,0
"Iowa",2005,1,16.4857142857143,1.22944495310021,246,225.49,10,1,0
"Iowa",2006,0,16.95,1.02883424520995,242.6005,224,18,1,0
"Iowa",2007,1,17.9333333333333,0.836685342366762,239.179,220.80175,16,1,0
"Iowa",2008,1,17.1625,0.925383315530518,243,222.04,1,1,0
"Iowa",2009,0,22.8666666666667,0.843612511440423,241,225.49,17,1,0
"Iowa",2010,0,19.1666666666667,1.01983668597672,238.477,225.49,13,1,0
"Iowa",2011,0,16.7,1.17192410608498,229.126,223,8,1,0
"Iowa",2012,0,16.9142857142857,1.02883424520995,246,220.809,12,1,0
"Iowa",2013,0,17.1625,0.842583908993438,242.6005,221.7245,7,1,0
"Iowa",2014,0,24.1,1.22944495310021,229.884,222.52775,26,1,0
"Iowa",2015,0,24.1,1.02883424520995,231.073,223.331,13,1,0
"Iowa",2016,0,16.85,1.03556395165888,239.881,221.4855,12,1,0
"Iowa",2017,0,16.75,0.947141628477666,229.884,221,29,1,0
"Iowa",2018,0,16.5714285714286,1.20512666007174,229.126,220.92125,23,1,1
"Kansas",1989,0,10.9,0.980242799932841,245.782,221.6145,25,1,0
"Kansas",1990,1,11.4375,0.900475858785349,246.853,222.5635,15,1,0
"Kansas",1991,1,11.1285714285714,0.884007682241499,238.528666666667,223.565,9,1,0
"Kansas",1992,0,11.975,1.12423021772685,241,221.79625,1,1,0
"Kansas",1993,1,18.1,1.25149735432766,245.782,220.306,18,1,0
"Kansas",1994,1,11.8142857142857,1.20604018565089,243.5,221.251,0,1,0
"Kansas",1995,0,18.1,1.30726910284163,245.309,220.469,7,1,0
"Kansas",1996,0,12.5,0.925292122610141,246.853,221.978,26,1,0
"Kansas",1997,1,13,1.12423021772685,241,219,3,1,0
"Kansas",1998,0,13.25,1.10276311697385,232.092,223.565,7,1,0
"Kansas",1999,1,16.05,0.868447349680034,247.924,221.43275,14,1,0
"Kansas",2000,1,18.1,1.1178872371287,246.853,221.251,10,1,0
"Kansas",2001,0,12.0428571428571,0.928596750685876,243.7645,222.5635,15,1,0
"Kansas",2002,1,11.4375,0.925292122610141,241.747,222,3,1,0
"Kansas",2003,1,11.975,1.10462840816731,232.092,223.565,7,1,0
"Kansas",2004,1,11.8142857142857,1.19018928143696,245.782,221.251,10,1,0
"Kansas",2005,1,16.7333333333333,0.952038754221063,232.092,221,2,1,0
"Kansas",2006,0,11.8142857142857,0.952038754221063,232.092,222,14,1,0
"Kansas",2007,1,17.4166666666667,1.10462840816731,246,221.978,10,1,0
"Kansas",2008,1,18.1,1.16598821935516,246.255,221.251,15,1,0
"Kansas",2009,1,14.6625,1.1178872371287,241,221,0,1,0
"Kansas",2010,1,18.1,1.16598821935516,241.747,221.6145,16,1,0
"Kansas",2011,1,13.75,1.13290771958426,232.092,223.2825,9,1,0
"Kansas",2012,1,11.1285714285714,1.19018928143696,241,221.978,19,1,0
"Kansas",2013,0,12.5,1.13290771958426,241,221.251,17,1,0
"Kansas",2014,0,16.7333333333333,1.12423021772685,232.092,223.924,27,1,0
"Kansas",2015,1,14,1.14501228736833,232.092,223,25,1,0
"Kansas",2016,0,11.8142857142857,0.884007682241499,232.092,224.291,13,1,0
"Kansas",2017,1,13.75,0.952038754221063,232.092,223.2825,26,1,0
"Kansas",2018,1,11.4375,0.928596750685876,243.7645,220.469,0,1,0
"Kansas",2019,1,17.4166666666667,0.952038754221063,235.310333333333,224.658,22,1,0
"Kentucky",1989,0,9.05,0.972330883564131,217.518,213.0465,0,1,0
"Kentucky",1990,0,15.3666666666667,1.00990102111549,225.610666666667,226,29,1,0
"Kentucky",1991,1,13.0571428571429,1.06627096306845,215.048,219.042,29,1,0
"Kentucky",1992,0,14.25,0.972330883564131,222.495333333333,219.4855,25,1,0
"Kentucky",1993,0,8.7,1.08219266517739,219.684,224,8,1,0
"Kentucky",1994,0,8.875,1.10996738778928,236.962,211.562,2,1,0
"Kentucky",1995,0,10.4428571428571,0.935204641346728,239.8335,212.512,18,1,0
"Kentucky",1996,0,9.925,1.05215859163308,239,224.5675,30,1,0
"Kentucky",1997,0,9.05,0.947997458644524,242,222.5,7,1,0
"Kentucky",1998,0,15.7833333333333,0.834078997294149,215.048,225.606,28,1,0
"Kentucky",1999,0,13.0571428571429,1.10881140254062,239,219.927,26,1,0
"Kentucky",2000,0,15.7833333333333,1.20719759496097,233.29,212.512,24,1,0
"Kentucky",2001,0,13.0571428571429,1.10881140254062,225.610666666667,212.512,5,1,0
"Kentucky",2002,0,12.1857142857143,0.935204641346728,240.831,213.0465,6,1,0
"Kentucky",2003,0,13.7,0.947997458644524,230.109,214.531,20,1,0
"Kentucky",2004,0,9.925,0.947997458644524,219.684,219.4855,7,1,0
"Kentucky",2005,0,13.0571428571429,1.11575443851544,219.38,221,27,1,0
"Kentucky",2006,0,8.875,1.13194913816631,240.9155,225.606,29,1,0
"Kentucky",2007,0,16.2,1.06627096306845,215.048,224,16,1,0
"Kentucky",2008,0,12.1857142857143,0.838289026139353,228.726,219.042,0,1,0
"Kentucky",2009,0,16.2,0.935204641346728,219.836,224,22,1,0
"Kentucky",2010,0,9.05,1.05215859163308,219.684,226,23,1,0
"Kentucky",2011,0,9.05,1.12214891331551,242,219.4855,10,1,0
"Kentucky",2012,0,14.0666666666667,0.834078997294149,219.38,225.3705,22,1,0
"Kentucky",2013,0,9.57142857142857,1.03414107693887,215.048,224.019,7,1,0
"Kentucky",2014,0,16.2,1.13194913816631,215.048,212.512,0,1,0
"Kentucky",2015,0,9.05,0.838289026139353,215.048,219.927,24,1,0
"Kentucky",2016,0,14.8,1.14935167480168,239,212.512,9,1,0
"Kentucky",2017,0,16.2,0.811709062500819,219.684,225.135,17,1,0
"Kentucky",2018,0,14.6166666666667,1.09045237915767,241,217.8855,29,1,0
"Kentucky",2019,0,10.4428571428571,0.892237471682217,239,211.562,0,1,0
"Louisiana",1989,0,13.1142857142857,0.734076880194889,218.187,196.762,13,1,0
"Louisiana",1990,0,17.475,0.734076880194889,204.14,204.729,0,1,0
"Louisiana",1991,0,16.9625,0.734124903525886,209.021,203.689,0,1,0
"Louisiana",1992,0,12.9,0.714388994519164,207.80075,205.06525,0,1,0
"Louisiana",1993,0,17.9875,0.817217902938636,223.561,203.689,11,1,0
"Louisiana",1994,0,13.7571428571429,0.758100866009546,206.5805,203.689,3,1,0
"Louisiana",1995,0,13.7571428571429,0.854392139563961,204.14,206.64,8,1,0
"Louisiana",1996,0,15.425,0.734076880194889,209.021,197.65675,2,1,0
"Louisiana",1997,0,14.9125,0.863766049329929,220.874,204.729,12,1,0
"Louisiana",1998,0,14.9125,0.716875859496747,206.5805,201.91575,7,1,0
"Louisiana",1999,0,14.9125,0.734124903525886,204.14,205.06525,14,1,0
"Louisiana",2000,0,16.9625,0.71544301353786,213.604,203.689,12,1,0
"Louisiana",2001,0,13.1142857142857,0.817217902938636,213.604,204.729,1,1,0
"Louisiana",2002,0,12.9,0.714388994519164,213.604,203.689,10,1,0
"Louisiana",2003,0,13.9714285714286,0.646628877872316,209.021,203.4905,1,1,0
"Louisiana",2004,0,13.7571428571429,0.854392139563961,213.604,201.91575,14,1,0
"Louisiana",2005,0,16.9625,0.738628427436153,226.248,199.44625,6,1,0
"Louisiana",2006,0,13.3285714285714,0.734124903525886,204.14,205.06525,9,1,0
"Louisiana",2007,0,17.475,0.734076880194889,204.14,203.689,0,1,0
"Louisiana",2008,0,15.425,0.854392139563961,209.021,203.689,10,1,0
"Louisiana",2009,0,13.7571428571429,0.817217902938636,204.14,198.5515,5,1,0
"Louisiana",2010,0,14.4,0.734076880194889,204.14,196.762,0,1,0
"Louisiana",2011,0,13.3285714285714,0.71544301353786,209.021,205.06525,12,1,0
"Louisiana",2012,0,14.1857142857143,0.734076880194889,223.561,204.729,9,1,0
"Louisiana",2013,0,13.7571428571429,0.646628877872316,215.8955,204.729,8,1,0
"Louisiana",2014,0,16.9625,0.646628877872316,209.021,199.44625,7,1,0
"Louisiana",2015,0,16.45,0.738628427436153,211.3125,206.64,13,1,0
"Louisiana",2016,0,15.425,0.985142490919523,223.561,198.5515,3,1,0
"Louisiana",2017,0,14.9125,0.817217902938636,215.8955,203.689,10,1,0
"Louisiana",2018,0,13.5428571428571,0.985142490919523,226.248,198.5515,6,1,0
"Louisiana",2019,0,14.4,0.817217902938636,204.14,199.44625,9,1,0
"Maine",1989,0,14.0875,1.35379442454164,246,224.2185,9,1,1
"Maryland",1989,0,18.9,1.13930008823684,242.0615,226.048,14,1,0
"Maryland",1990,0,19.0428571428571,1.50556614072529,242.0615,224.781,6,1,0
"Maryland",1991,0,18.9714285714286,1.16267031595575,221.537,226.048,10,1,0
"Maryland",1992,0,19.65,1.30247210984325,220.695,219.352,7,1,0
"Maryland",1993,0,19.275,1.33850533553302,220.9055,211.042,15,1,0
"Maryland",1994,0,19.8375,1.13742488649037,233.08,225.4145,9,1,0
"Maryland",1995,0,18.9,1.18359090298141,229.232333333333,219.352,17,1,0
"Maryland",1996,0,19.4,1.12316112147403,221.537,211.1705,14,1,0
"Maryland",1997,0,19.1857142857143,1.14956637865683,217.318,220.03,15,1,0
"Maryland",1998,0,19.3166666666667,1.41169245608694,242.0615,218.674,5,1,0
"Maryland",1999,0,19.3166666666667,1.1419394463331,225.384666666667,211.042,20,1,0
"Maryland",2000,0,19.0875,1.13742488649037,219.85075,219.352,3,1,0
"Maryland",2001,0,19.8375,1.13930008823684,219.85075,211.042,1,1,0
"Maryland",2002,0,19.4,1.50556614072529,225.384666666667,211.042,17,1,0
"Maryland",2003,0,18.9,1.2917969966925,217.318,209.645,16,1,0
"Maryland",2004,0,20.2125,1.18359090298141,217.318,214.445,15,1,0
"Maryland",2005,0,19.3166666666667,1.41169245608694,217.318,213.062,5,1,0
"Maryland",2006,0,19.2333333333333,1.15411438072725,217.318,218.674,13,1,0
"Maryland",2007,0,19.0875,1.20763321980688,221.116,211.042,6,1,0
"Maryland",2008,0,19.15,1.15411438072725,221.116,211.679,8,1,0
"Maryland",2009,0,19.0666666666667,1.13742488649037,239.375,215.828,10,1,0
"Maryland",2010,0,20.025,1.13471165312343,217.318,211.042,8,1,1
"Massachusetts",1989,0,37.7428571428571,1.40306787886073,226.598,228.293,18,1,1
"Michigan",1989,0,60.1625,1.29885808783092,237.606,217.2825,19,1,0
"Michigan",1990,0,63.5875,1.26662230908818,226.258,218.789,16,1,0
"Michigan",1991,0,46.6285714285714,1.23843634770647,228.547,216.034,13,1,0
"Michigan",1992,1,46.6285714285714,1.29271235797753,231.435666666667,217.94775,1,1,0
"Michigan",1993,0,49.1142857142857,1.1497981260711,226.258,218.613,13,1,0
"Michigan",1994,0,46.6285714285714,1.08586518917846,235.687,220.118,15,1,0
"Michigan",1995,0,42.1333333333333,1.01035107872428,236.6965,215.993,18,1,0
"Michigan",1996,0,58.45,1.25549763120577,231.435666666667,219.177,7,1,0
"Michigan",1997,0,51.6,1.28597981454157,219.878,218.261,13,1,0
"Michigan",1998,1,58.45,1.1497981260711,227.784,218.236,10,1,0
"Michigan",1999,0,41.6571428571429,1.30725138343776,228.547,219.1895,3,1,0
"Michigan",2000,0,61.875,1.29885808783092,237.606,216.006666666667,19,1,0
"Michigan",2001,0,44.1428571428571,1.14473852131448,219.878,218.789,12,1,0
"Michigan",2002,0,42.1333333333333,1.01035107872428,237.656,220.118,19,1,1
"Minnesota",1989,0,17.6,0.926532975482064,236.450666666667,218.52925,13,1,0
"Minnesota",1990,0,16.55,1.34465578520301,246.372,222.823,27,1,0
"Minnesota",1991,0,17.4714285714286,0.984415443990022,251.0935,224.917,9,1,0
"Minnesota",1992,0,20.4,0.926844769196971,233.33825,218.7565,29,1,0
"Minnesota",1993,0,16.6666666666667,1.25775776243315,243.829,223.747,20,1,0
"Minnesota",1994,0,20.4,0.942605995505594,233.33825,224.6545,5,1,0
"Minnesota",1995,0,16.3166666666667,1.14099906267223,236.450666666667,220.901,13,1,0
"Minnesota",1996,0,19.7,0.926443089006317,250,219.211,19,1,0
"Minnesota",1997,0,16.9,1.0102520039844,232.57475,225.072,9,1,0
"Minnesota",1998,0,20.4,1.34341539082735,249.3215,222.823,19,1,0
"Minnesota",1999,0,16.2,0.917325374936478,228.494,225,12,1,0
"Minnesota",2000,0,17.3285714285714,1.10704171066399,228.494,225,10,1,0
"Minnesota",2001,0,17.7571428571429,0.926844769196971,231.26825,222.609,19,1,0
"Minnesota",2002,0,18.9,1.22067861728349,232.57475,222,27,1,0
"Minnesota",2003,0,20.4,1.16977717788756,251.5,220.723,20,1,0
"Minnesota",2004,0,16.6666666666667,1.30312040371444,228.494,222.309,13,1,0
"Minnesota",2005,0,18.9,1.34465578520301,232.193,220.901,9,1,0
"Minnesota",2006,0,20.4,1.14099906267223,232.193,220.901,7,1,0
"Minnesota",2007,0,16.7833333333333,0.926844769196971,230.3435,223.5,21,1,0
"Minnesota",2008,0,17.1857142857143,1.34341539082735,249,218.7565,10,1,0
"Minnesota",2009,0,18.4,1.25775776243315,249.456,225.259,5,1,0
"Minnesota",2010,0,20.4,1.24471439438572,248.227,223.918,1,1,0
"Minnesota",2011,0,19.15,0.950585022956357,232.57475,225.072,7,1,0
"Minnesota",2012,0,16.9,1.33977433669049,232.9565,224.127,5,1,0
"Minnesota",2013,0,18.9,1.34465578520301,233.72,220.723,9,1,0
"Minnesota",2014,0,17.6,1.32046565375235,250,220.723,5,1,0
"Minnesota",2015,0,17.0428571428571,1.22067861728349,232.193,222.235,0,1,0
"Minnesota",2016,0,16.6666666666667,1.19917974448123,253,225,18,1,0
"Minnesota",2017,0,16.7833333333333,1.33977433669049,241.912,223.918,29,1,0
"Minnesota",2018,0,16.9,0.923465277872557,249,220.901,0,1,0
"Minnesota",2019,0,20.4,1.05505710792326,236.450666666667,222,21,1,0
"Mississippi",1989,0,10.7,0.677308714060837,208.434,210.507,17,1,0
"Mississippi",1990,0,15.5875,0.677308714060837,224.795,202.80325,8,1,0
"Mississippi",1991,0,10.9666666666667,0.534490631974136,227.612,204.394,13,1,0
"Mississippi",1992,0,15.175,0.534490631974136,224.795,210.507,12,1,0
"Mississippi",1993,0,13.1125,0.805067064301453,201.828,202.90175,2,1,0
"Mississippi",1994,0,11.2714285714286,0.545813358385436,210.027,199.109,11,1,0
"Mississippi",1995,0,13.1125,0.614546014453913,227.1555,202.80325,11,1,0
"Mississippi",1996,0,10.8333333333333,0.915068195304699,214.669,209.1585,16,1,0
"Mississippi",1997,0,13.1125,0.529652681953155,227.1555,204.929,20,1,0
"Mississippi",1998,0,10.7,0.614546014453913,201.828,201.529,3,1,0
"Mississippi",1999,0,11.2714285714286,0.562215272305149,210.558,209.1585,8,1,0
"Mississippi",2000,0,11.3666666666667,0.915068195304699,201.828,199.109,16,1,0
"Mississippi",2001,0,11.5571428571429,0.915068195304699,201.828,199.109,12,1,0
"Mississippi",2002,0,12.7,0.534490631974136,227.1555,206.102,6,1,0
"Mississippi",2003,0,11.5,0.887700684619593,210.027,199.109,12,1,0
"Mississippi",2004,0,14.35,0.529652681953155,208.965,209.1585,3,1,0
"Mississippi",2005,0,11.5,0.887700684619593,218.78,203.0105,11,1,0
"Mississippi",2006,0,11.5571428571429,0.562215272305149,227.612,203.0105,3,1,0
"Mississippi",2007,0,14.7625,0.647683952381869,226.699,199.109,16,1,0
"Mississippi",2008,0,15.5875,0.89617546119496,227.437,202.90175,19,1,0
"Mississippi",2009,0,11.3666666666667,0.887700684619593,222.891,204.929,17,1,0
"Mississippi",2010,0,15.175,0.89617546119496,208.434,209.1585,11,1,0
"Mississippi",2011,0,11.2333333333333,0.66976755940744,201.828,202.90175,20,1,0
"Mississippi",2012,0,15.175,0.937822852614847,206.7825,202.793,17,1,0
"Mississippi",2013,0,15.5875,0.887700684619593,205.131,202.3785,0,1,0
"Mississippi",2014,0,15.5875,0.72858375613496,208.965,202.90175,15,1,0
"Mississippi",2015,0,14.35,0.598063937437908,210.027,203.0105,18,1,0
"Mississippi",2016,0,15.5875,0.545813358385436,210.027,205.464,12,1,0
"Mississippi",2017,0,10.7,0.887700684619593,201.828,203.228,5,1,0
"Mississippi",2018,0,11.2714285714286,0.620170317241399,206.7825,203.0105,5,1,0
"Mississippi",2019,0,12.1285714285714,0.529652681953155,201.828,203.11925,8,1,0
"Missouri",1989,0,17.7333333333333,0.836741134395498,227.801,215.552,22,1,0
"Missouri",1990,1,27.5875,1.09139256028886,227.801,221.173,19,1,0
"Missouri",1991,0,17.7428571428571,1.09139256028886,234.836,221.169,10,1,0
"Missouri",1992,1,24.3,0.862604122392492,240.2475,223,10,1,0
"Missouri",1993,1,24.3,0.819507107260992,239,216.707,12,1,0
"Missouri",1994,0,17.7428571428571,0.911803969396641,239,220.172,28,1,0
"Missouri",1995,0,18.4,1.00938341449793,240,222,26,1,0
"Missouri",1996,1,24.3,1.14758370597966,222.216,218,7,1,0
"Missouri",1997,1,19.4,0.888427265618932,226.2675,220.973,29,1,0
"Missouri",1998,0,19.4,1.12039082848344,222.216,220.777,20,1,0
"Missouri",1999,0,18.4,0.815868202996464,237.2235,221.169,8,1,0
"Missouri",2000,0,24.3,1.00938341449793,240.0475,223,5,1,0
"Missouri",2001,1,27.5875,1.09092152263102,237.2235,216.898,29,1,0
"Missouri",2002,0,19.4571428571429,1.09092152263102,222.216,222.3095,24,1,0
"Missouri",2003,0,17.7428571428571,1.12693886809344,222.216,220.172,6,1,0
"Missouri",2004,0,24.25,1.14758370597966,239.5,222.5,22,1,0
"Missouri",2005,0,17.7333333333333,0.832348257370044,227.801,218,19,1,0
"Missouri",2006,0,21.85,0.819507107260992,239.5,220.049,17,1,0
"Missouri",2007,0,24.3,1.09139256028886,230.146,222,27,1,0
"Missouri",2008,1,22.025,1.04241051152738,240.2475,220.5,23,1,0
"Missouri",2009,0,19.8,0.832348257370044,239,220.5,9,1,0
"Missouri",2010,0,24.3,0.925401251359732,239.5,215.552,30,1,0
"Missouri",2011,1,19.8,1.13006186782656,224.734,221.7145,24,1,0
"Missouri",2012,0,20.9125,1.00938341449793,239.411,220.049,26,1,0
"Missouri",2013,1,17.7428571428571,0.925401251359732,232.491,223,15,1,0
"Missouri",2014,0,25.3625,0.815868202996464,222.216,215.552,24,1,0
"Missouri",2015,1,24.3,1.06678502004711,225.50075,220.777,7,1,0
"Missouri",2016,0,17.7333333333333,1.14758370597966,227.801,220.973,16,1,0
"Missouri",2017,0,24.3,1.12039082848344,230.146,223,19,1,0
"Missouri",2018,0,17.7428571428571,1.13925380419898,240,222.5,5,1,0
"Missouri",2019,0,21.85,1.00938341449793,232.491,218,30,1,0
"Montana",1989,0,8.225,0.939012917203998,240.575,224.1685,16,1,0
"Montana",1990,1,7.6,0.859097721931513,227.994,224.477,2,1,0
"Montana",1991,1,10.5375,0.956278029792208,230.899666666667,222.301,13,1,0
"Montana",1992,1,7.34285714285714,0.843887002915277,227.516,222.301,18,1,0
"Montana",1993,1,9.75,0.896036706813163,227.994,223.546,0,1,0
"Montana",1994,0,7.6,0.887758596332144,228.472,222.301,20,1,0
"Montana",1995,0,7.55714285714286,0.89777567897028,244.401,222.301,12,1,0
"Montana",1996,1,7.7625,1.0778554571747,227.516,222.747,11,1,0
"Montana",1997,1,8.225,0.89777567897028,244.099,222.301,2,1,0
"Montana",1998,0,7.7,0.843887002915277,227.755,225.6095,21,1,1
"Nebraska",1989,0,19.8,1.00340397816546,226.4385,220.99125,26,1,0
"Nebraska",1990,0,17.9,0.965324758659096,239.2755,220.612,25,1,0
"Nebraska",1991,0,18.7333333333333,0.801774472236662,236.98,221.377,5,1,0
"Nebraska",1992,0,21.9333333333333,1.28775488358691,244,222,28,1,0
"Nebraska",1993,0,16.2666666666667,1.27160079204544,245,221.177,11,1,0
"Nebraska",1994,0,16.6285714285714,0.883784549764564,225.333,223.156,12,1,0
"Nebraska",1995,0,17.6666666666667,0.841307392095237,239.2755,220.035,28,1,0
"Nebraska",1996,0,17.6666666666667,1.37979303896288,244,220.22625,17,1,0
"Nebraska",1997,0,18.7333333333333,1.35497079422596,226.4385,223,22,1,0
"Nebraska",1998,0,17.375,0.847744053018778,243.5,221.37375,25,1,0
"Nebraska",1999,0,16.4666666666667,1.16166970585907,243.5,224,28,1,1
"Nevada",1989,0,14.4571428571429,0.856991909392305,217.623,205.786,3,1,0
"Nevada",1990,0,14.7875,0.979912023035401,219.551,213.2875,8,1,0
"Nevada",1991,0,14.7875,0.968676120058097,224.859666666667,207.4575,23,1,0
"Nevada",1992,0,17.05,0.991801824672653,235,213.2875,23,1,0
"Nevada",1993,0,17.8166666666667,0.991801824672653,234,214,9,1,0
"Nevada",1994,0,16.6666666666667,0.860199618623219,235.152,209.003,16,1,0
"Nevada",1995,0,15.1142857142857,0.856991909392305,217.623,210.819,19,1,0
"Nevada",1996,0,14.5,0.905144285430232,234,205.786,21,1,0
"Nevada",1997,0,15.725,0.847664399520368,234,205.786,12,1,0
"Nevada",1998,0,15.1142857142857,0.812492745156109,219.069,211.141,10,1,0
"Nevada",1999,0,17.4333333333333,0.826592247666397,224.859666666667,205.786,24,1,0
"Nevada",2000,0,14.85,0.979912023035401,222.205333333333,205.786,0,1,0
"Nevada",2001,0,18.2,0.812492745156109,217.623,208.29325,6,1,0
"Nevada",2002,0,16.6666666666667,0.905144285430232,219.551,208.29325,13,1,0
"Nevada",2003,0,14.975,0.882117582429611,235.152,205.786,2,1,0
"Nevada",2004,0,15.725,0.905144285430232,217.623,207.0735,22,1,0
"Nevada",2005,0,14.1285714285714,0.991801824672653,217.623,205.786,20,1,0
"Nevada",2006,0,14.7857142857143,0.821104832582867,229.872,207.0735,25,1,0
"Nevada",2007,0,14.4571428571429,0.778186818664606,217.623,205.786,3,1,0
"Nevada",2008,0,14.15,0.860199618623219,237.032,207.187,7,1,0
"Nevada",2009,0,16.2833333333333,0.979912023035401,230.827,209.003,21,1,0
"Nevada",2010,0,16.6666666666667,0.851615948100219,228.693,211.858,18,1,1
"New Hampshire",1989,0,2.7,1.22207075824644,248.572,224.8235,24,1,0
"New Hampshire",1990,1,2.8,1.67798421666228,247,230.393,10,1,0
"New Hampshire",1991,0,3.4,0.950598342730975,241.887727272727,224,29,1,0
"New Hampshire",1992,0,4.23333333333333,0.978880332105279,251.072,229.081,14,1,0
"New Hampshire",1993,0,3.2,1.57288176958413,235.776363636364,231.1965,25,1,0
"New Hampshire",1994,0,4,0.954483483979262,229.665,224,0,1,0
"New Hampshire",1995,1,3.6,1.64779756278412,251.779,230.5,29,1,0
"New Hampshire",1996,0,2.96666666666667,1.26492734135458,249.822,229.145,10,1,0
"New Hampshire",1997,1,3.38333333333333,1.51788578058925,229.665,224.8235,30,1,0
"New Hampshire",1998,0,4.23333333333333,1.22207075824644,243.11,227.715,11,1,0
"New Hampshire",1999,0,2.9,1.53054657039767,249.822,230.5,23,1,0
"New Hampshire",2000,1,4.1,1.65530911371872,251,229.145,2,1,0
"New Hampshire",2001,0,3.1,1.02296615803227,233.331818181818,227.614,7,1,0
"New Hampshire",2002,1,3.3,1.06387532845905,245,230.5,25,1,0
"New Hampshire",2003,0,4,0.921518068140089,251.4255,226.5028,9,1,0
"New Hampshire",2004,0,2.9,1.00099029806826,248.572,224.14475,13,1,0
"New Hampshire",2005,0,3.8,0.987321770633603,245,226.8246,20,1,0
"New Hampshire",2006,1,2.9,1.57288176958413,238.220909090909,227.715,0,1,0
"New Hampshire",2007,0,4.51666666666667,0.987321770633603,251.072,225.50225,8,1,0
"New Hampshire",2008,1,4.8,1.06387532845905,234.554090909091,224.8235,16,1,0
"New Hampshire",2009,1,3.3,1.4077760424963,229.665,227.715,24,1,0
"New Hampshire",2010,0,2.7,1.30695336502288,245.626,224,7,1,0
"New Hampshire",2011,1,2.83333333333333,1.51788578058925,229.665,226.181,15,1,0
"New Hampshire",2012,0,4.8,1.00099029806826,245,227.4682,20,1,0
"New Hampshire",2013,0,4.8,1.65530911371872,249,226.8246,29,1,0
"New Hampshire",2014,1,2.76666666666667,1.60311495929625,243.11,229.145,18,1,0
"New Hampshire",2015,1,4.1,1.22207075824644,245,232,29,1,0
"New Hampshire",2016,0,3.95,1.65530911371872,236.998636363636,224.8235,18,1,0
"New Hampshire",2017,0,3.4,0.921518068140089,229.665,226.8246,26,1,0
"New Hampshire",2018,0,3,1.30695336502288,240.665454545455,226.5,9,1,0
"New Hampshire",2019,1,2.8,1.64609283734256,229.665,227.715,7,1,0
"New Jersey",1989,0,2,1,141,123,0,1,0
"New Jersey",1990,0,21,1,120,177,0,1,0
"New Jersey",1991,0,5,1,174,61,0,1,0
"New Jersey",1992,0,7,1,73,29,0,1,0
"New Jersey",1993,0,15,1,160,45,0,1,0
"New Jersey",1994,0,3,1,197,145,0,1,0
"New Jersey",1995,0,3,1,197,188,0,1,0
"New Jersey",1996,0,20,1,98,157,0,1,0
"New Jersey",1997,0,20,1,107,156,0,1,0
"New Jersey",1998,0,6,1,46,59,0,1,0
"New Jersey",1999,0,23,1,14,39,0,1,0
"New Jersey",2000,0,4,1,80,149,0,1,0
"New Jersey",2001,0,25,1,8,128,0,1,0
"New Jersey",2002,0,11,1,86,125,0,1,0
"New Jersey",2003,0,22,1,135,183,0,1,0
"New Jersey",2004,0,1,1,181,175,0,1,0
"New Jersey",2005,0,2,1,37,63,0,1,0
"New Jersey",2006,0,17,1,41,113,0,1,0
"New Jersey",2007,0,2,1,223,84,0,1,0
"New Jersey",2008,0,26,1,215,29,0,1,0
"New Jersey",2009,0,21,1,16,102,0,1,0
"New Jersey",2010,0,6,1,68,70,0,1,0
"New Jersey",2011,0,9,1,138,181,0,1,0
"New Jersey",2012,0,26,1,144,58,0,1,0
"New Jersey",2013,0,13,1,150,53,0,1,0
"New Jersey",2014,0,6,1,195,202,0,1,0
"New Jersey",2015,0,17,1,148,220,0,1,0
"New Jersey",2016,0,20,1,133,80,0,1,0
"New Jersey",2017,0,9,1,91,16,0,1,0
"New Jersey",2018,0,18,1,86,159,0,1,0
"New Jersey",2019,0,15,1,193,17,0,1,0
"New Mexico",1989,0,14,0.835601866403208,232.92,206.5,1,1,0
"New Mexico",1990,0,10.6857142857143,1.05775680243269,213.5715,204.9885,28,1,0
"New Mexico",1991,0,9.4,0.952489957974367,233,206.185,17,1,0
"New Mexico",1992,0,10.9166666666667,0.835601866403208,230,208,20,1,0
"New Mexico",1993,0,10.0428571428571,0.641081195228638,233,204.7025,19,1,0
"New Mexico",1994,0,13,0.976733656758559,213.299,210.738,11,1,0
"New Mexico",1995,0,9.61428571428571,0.860878786566014,226.0455,206,29,1,0
"New Mexico",1996,0,14,0.813864879831723,213.299,204.78575,20,1,0
"New Mexico",1997,0,13,1.00725503378892,230.03,209.212,15,1,0
"New Mexico",1998,0,12.5,0.773109983236575,232.92,209.639,25,1,0
"New Mexico",1999,0,9.7,0.956276921617318,219.504,203.185,20,1,0
"New Mexico",2000,0,13,0.731390215215995,228.064,210.738,20,1,0
"New Mexico",2001,0,13,1.00725503378892,233,210.738,18,1,0
"New Mexico",2002,0,9.4,1.01190703365789,213.299,206.843,29,1,0
"New Mexico",2003,0,14,0.929819487380042,224.027,204.61925,2,1,0
"New Mexico",2004,0,13.5,1.07613025901887,213.299,206.5,5,1,0
"New Mexico",2005,0,9.45,0.773109983236575,213.299,208,14,1,0
"New Mexico",2006,0,11.5,0.641081195228638,213.70775,207.501,14,1,0
"New Mexico",2007,0,10.9833333333333,1.00725503378892,230,205.527,28,1,0
"New Mexico",2008,0,14,0.835601866403208,213.299,208.014,7,1,0
"New Mexico",2009,0,11.5,0.682846547316079,213.299,204.536,7,1,0
"New Mexico",2010,0,10.0428571428571,0.682846547316079,229.047,210.738,1,1,0
"New Mexico",2011,0,9.45,0.929819487380042,223.2725,207.007,15,1,0
"New Mexico",2012,0,9.82857142857143,0.641081195228638,229.047,206.843,11,1,0
"New Mexico",2013,0,9.75,0.682846547316079,231,206.792,10,1,0
"New Mexico",2014,0,10.9666666666667,0.962248799259751,216.49,204.9885,0,1,0
"New Mexico",2015,0,10.9,1.00725503378892,224.027,209.639,7,1,0
"New Mexico",2016,0,12,0.813864879831723,213.752,205.527,17,1,0
"New Mexico",2017,0,9.6,0.696262894345868,213.66,207.646,23,1,0
"New Mexico",2018,0,9.82857142857143,0.944938105178426,213.752,204.536,0,1,0
"New Mexico",2019,0,14,0.835601866403208,213.299,206.185,24,1,0
"New York",1989,0,49.5,2.27100617690977,237.052,218.9335,1,1,0
"New York",1990,0,55.1,1.76499984381008,218.446,224.0605,22,1,0
"New York",1991,0,58.7,1.89311783327518,240,217.17775,21,1,0
"New York",1992,0,54.7333333333333,2.27100617690977,218.446,223,12,1,0
"New York",1993,0,51.5,1.55527523088613,237.52,223,0,1,0
"New York",1994,0,57.6666666666667,2.27100617690977,241.592,224,25,1,0
"New York",1995,0,49,1.4877800013063,239.0805,224.369,14,1,0
"New York",1996,0,51.5,1.48627309497207,224.51275,224.369,17,1,0
"New York",1997,0,51,1.4877800013063,242.543,215.422,17,1,0
"New York",1998,0,43,1.55553046692181,225.139,224,7,1,0
"New York",1999,0,49,2.04627116581839,241.592,224.0605,12,1,0
"New York",2000,0,51,1.55527523088613,224.51275,214.50175,11,1,0
"New York",2001,0,57.6666666666667,2.39059647106529,225.139,214.625,10,1,0
"New York",2002,0,64.1,2.32302796020383,237.52,224.0605,0,1,1
"North Carolina",1989,0,22.8333333333333,0.92900205761271,245,218.615,11,1,0
"North Carolina",1990,0,18.95,0.906485740151997,224.325,215.08425,18,1,0
"North Carolina",1991,0,18.6,0.92900205761271,244.5,211.546,14,1,0
"North Carolina",1992,1,18.9666666666667,0.938077586209751,242.698,212.901,19,1,0
"North Carolina",1993,0,18,0.926076332493755,212.884,215.08425,17,1,0
"North Carolina",1994,0,18.95,0.800495179901767,244.518,221.6785,25,1,0
"North Carolina",1995,0,18.95,0.916184188346414,241.427,219.296,7,1,0
"North Carolina",1996,0,15.6,0.794297682280315,241.236,218.615,26,1,0
"North Carolina",1997,0,18.6,0.782321431409447,244,224,18,1,0
"North Carolina",1998,0,18,0.781281388734293,243.778,221.221,18,1,0
"North Carolina",1999,0,19.625,1.02895395567251,241.638,211.546,16,1,0
"North Carolina",2000,0,14.9,0.906485740151997,225.71925,214.358,7,1,0
"North Carolina",2001,0,19.9333333333333,0.841904375710971,244.759,215.08425,3,1,0
"North Carolina",2002,0,18.9,0.951944688009648,244.518,213.99375,13,1,1
"North Dakota",1989,1,11.2,0.844007947569192,245.173,225.516,7,1,0
"North Dakota",1990,1,11.2,1.17905948518804,228.663,225,6,1,0
"North Dakota",1991,1,11.2,1.05388170609083,230.904,224.811,14,1,0
"North Dakota",1992,1,10.15,0.844007947569192,230.36,225.239,6,1,0
"North Dakota",1993,0,5.95,0.728413008262719,230.34375,225.516,23,1,0
"North Dakota",1994,1,4.96666666666667,1.03454288851699,230.632,222,15,1,0
"North Dakota",1995,1,5.3,0.716651134027262,244.5,221,6,1,0
"North Dakota",1996,1,8.05,0.731734351729266,230.34375,226.325,7,1,0
"North Dakota",1997,1,9.1,0.810756510790212,230.632,225.239,16,1,0
"North Dakota",1998,1,5.2,0.751254275959601,237.577,223.5,21,1,0
"North Dakota",1999,1,5.06666666666667,0.734877515344985,228.663,225.239,19,1,0
"North Dakota",2000,1,5.4,0.716651134027262,244,223.592,8,1,0
"North Dakota",2001,1,6.8625,1.35318509648737,245.173,225.516,5,1,0
"North Dakota",2002,1,11.2,1.17905948518804,245.416,226.146,11,1,0
"North Dakota",2003,1,5.6,0.942234282445223,246,225.516,11,1,0
"North Dakota",2004,1,7.075,0.74879772783003,242.737,224.5,17,1,0
"North Dakota",2005,1,4.93333333333333,0.716651134027262,245.5,225.967,2,1,0
"North Dakota",2006,1,5.3,1.35318509648737,242.737,224.00375,16,1,0
"North Dakota",2007,1,5.4,1.03374652425392,230.632,224,27,1,0
"North Dakota",2008,1,5.6,1.05388170609083,230.088,225.516,5,1,0
"North Dakota",2009,0,11.2,1.05388170609083,228.663,223.5,22,1,0
"North Dakota",2010,1,5.7,0.743743347272732,230.904,224.811,27,1,0
"North Dakota",2011,1,5.95,0.731734351729266,229.816,224.82725,14,1,0
"North Dakota",2012,1,5.06666666666667,1.36249518843384,245.19,225.516,1,1,0
"North Dakota",2013,1,5.3,0.815779059381387,228.663,225.516,26,1,0
"North Dakota",2014,1,5.5,1.21429222116646,242.737,223.2265,6,1,0
"North Dakota",2015,1,5.06666666666667,1.35318509648737,230.34375,226.325,24,1,0
"North Dakota",2016,1,5.06666666666667,0.734877515344985,230.34375,223.797875,19,1,0
"North Dakota",2017,0,11.2,0.728413008262719,230.632,224.4155,0,1,0
"North Dakota",2018,0,11.2,1.17905948518804,245.156,225.033125,28,1,0
"North Dakota",2019,1,6.225,0.831186499295609,230.36,225.967,7,1,0
"Ohio",1989,1,31.3428571428571,0.984347638928926,239.944,218.3832,0,1,0
"Ohio",1990,0,30.4,0.95706119786701,243.3195,219.3964,11,1,0
"Ohio",1991,1,30.4,0.920886814343191,228.596,222.533,8,1,0
"Ohio",1992,1,32.375,1.23810521600213,218.712,221.4228,5,1,0
"Ohio",1993,1,31.0285714285714,0.927253677297061,227.184,220.4096,1,1,0
"Ohio",1994,1,31.675,0.927253677297061,227.184,218.3832,10,1,0
"Ohio",1995,1,32.2,0.899961735032966,218.712,222.533,18,1,0
"Ohio",1996,1,32.55,1.07796635167607,218.712,217.37,10,1,0
"Ohio",1997,1,31.3428571428571,0.952807912498161,239.944,222.533,3,1,0
"Ohio",1998,1,31.92,0.984347638928926,235.190666666667,218.8898,16,1,0
"Ohio",1999,1,31.3428571428571,1.22050304531621,235.190666666667,225.667,12,1,0
"Ohio",2000,1,32.725,0.899961735032966,243.3195,224.1,1,1,0
"Ohio",2001,1,30.5571428571429,1.24740076803443,230.008,220.4096,17,1,0
"Ohio",2002,1,30.7142857142857,1.23810521600213,243.3195,217.37,11,1,0
"Ohio",2003,1,36.48,1.23810521600213,218.712,222.533,16,1,0
"Ohio",2004,1,32.55,0.927253677297061,221.536,217.37,12,1,0
"Ohio",2005,0,31.5,0.984347638928926,242.106,221.9294,3,1,0
"Ohio",2006,1,34.96,0.918338718203912,218.712,225.667,0,1,0
"Ohio",2007,0,33.44,1.03165442828758,242.106,225.667,8,1,0
"Ohio",2008,1,31.5,0.920886814343191,218.712,219.903,13,1,0
"Ohio",2009,1,31.3428571428571,0.952807912498161,225.772,217.37,13,1,0
"Ohio",2010,0,36.48,0.970434964598453,221.536,220.4096,3,1,0
"Ohio",2011,0,31.85,1.12929110223703,239.944,222.1995,17,1,0
"Ohio",2012,1,30.8714285714286,0.984347638928926,243.3195,220.9162,12,1,0
"Ohio",2013,0,32.2,0.952807912498161,222.948,221.9294,11,1,0
"Ohio",2014,0,32.55,1.07796635167607,218.712,219.903,15,1,0
"Ohio",2015,1,31.675,0.920886814343191,239.944,217.37,8,1,0
"Ohio",2016,1,30.7142857142857,1.23810521600213,218.712,224.1,18,1,0
"Ohio",2017,0,31.3428571428571,1.22613917283326,218.712,225.667,5,1,0
"Ohio",2018,1,31.3428571428571,1.07796635167607,221.536,217.37,10,1,0
"Ohio",2019,1,32.2,0.984347638928926,243.3195,222.436,0,1,0
"Oklahoma",1989,1,22.675,0.782743411885437,238.2145,220.277,20,1,0
"Oklahoma",1990,1,18.7857142857143,0.926321314894549,227.308,215.478,22,1,0
"Oklahoma",1991,0,18.6,0.782743411885437,220.32,220.277,28,1,0
"Oklahoma",1992,0,18.6,0.792359605716938,225.519,219.5,21,1,0
"Oklahoma",1993,0,20.5,0.847499979072139,222.025,216.2695,9,1,0
"Oklahoma",1994,0,19.7,0.849693038701741,221.59875,219.211,9,1,0
"Oklahoma",1995,0,18.7714285714286,0.825462318242102,220.32,219.5,18,1,0
"Oklahoma",1996,0,19.575,0.842494644729363,222.45125,217,2,1,0
"Oklahoma",1997,0,21.9,0.926321314894549,229.097,216.3345,6,1,0
"Oklahoma",1998,0,18.7857142857143,0.812493531426818,237.429,213.72,16,1,0
"Oklahoma",1999,0,20.5,0.748366788799092,238.5,216.5,26,1,0
"Oklahoma",2000,1,18.7142857142857,0.782743411885437,239,217,24,1,0
"Oklahoma",2001,1,22.9,0.799163578848879,223.30375,215.4085,17,1,0
"Oklahoma",2002,0,19.7,0.750094051915011,223.73,219.566333333333,24,1,0
"Oklahoma",2003,0,19.7,0.694150994092016,231.526,219.566333333333,18,1,0
"Oklahoma",2004,0,18.4,0.856029118381428,239.5,219.5,15,1,0
"Oklahoma",2005,1,22.9,0.902210988802239,227.308,219.744,16,1,0
"Oklahoma",2006,0,18.7571428571429,0.742615604158768,223.30375,215.4085,3,1,0
"Oklahoma",2007,0,18.2,0.649237349245346,222.8775,219.566333333333,17,1,0
"Oklahoma",2008,1,18.5,0.856029118381428,239.5,217.0735,19,1,0
"Oklahoma",2009,0,22.9,0.84653742126597,229.097,215.478,19,1,0
"Oklahoma",2010,0,18.1,0.926321314894549,237.105,216,20,1,0
"Oklahoma",2011,0,18.8,0.72269871056064,229.097,213.328,18,1,0
"Oklahoma",2012,1,19.7,0.649237349245346,222.45125,220.277,19,1,0
"Oklahoma",2013,1,19.7,0.810612389951474,237.105,216.3345,24,1,1
"Oregon",1989,0,21.4,1.16733766514378,240,217.615,8,1,0
"Oregon",1990,0,16.1166666666667,1.1196295518803,228.044666666667,217.615,19,1,0
"Oregon",1991,0,21.4,1.20413127623209,223.476,215.017,7,1,0
"Oregon",1992,0,16.9833333333333,1.0766527038399,238.325,217.291,12,1,0
"Oregon",1993,0,21.4,1.0181991665353,235.5,219.5,2,1,0
"Oregon",1994,0,17.175,1.01217171837747,240,216.5795,11,1,0
"Oregon",1995,0,17.175,0.986072213117761,239,211.557,17,1,0
"Oregon",1996,0,20.7,1.11629110005333,223.914,216.5795,5,1,0
"Oregon",1997,0,16.7666666666667,1.07730422737062,223.914,216.44,16,1,0
"Oregon",1998,0,21.4,1.00894979027262,223.476,211.557,6,1,0
"Oregon",1999,0,15.7285714285714,1.02062744992947,238.325,211.557,18,1,0
"Oregon",2000,0,16.7666666666667,1.15707924794931,223.476,217.2575,29,1,0
"Oregon",2001,0,21.4,1.02062744992947,223.476,217.72,19,1,0
"Oregon",2002,0,21.4,1.01552703128971,236,211.557,9,1,0
"Oregon",2003,0,21.4,1.22775784881805,237.3155,216.5795,23,1,0
"Oregon",2004,0,17.2,1.17628160216468,223.695,211.557,12,1,0
"Oregon",2005,0,21.4,1.00895180314428,235.5,218,11,1,0
"Oregon",2006,0,15.4714285714286,1.22775784881805,228.044666666667,216.9,15,1,0
"Oregon",2007,0,15.7285714285714,1.01217171837747,223.476,211.557,25,1,0
"Oregon",2008,0,17.9,1.16733766514378,239,211.557,9,1,0
"Oregon",2009,0,15.3857142857143,1.1196295518803,238,216.44,5,1,0
"Oregon",2010,0,16.55,1.12624949388271,223.476,211.557,16,1,0
"Oregon",2011,0,16.9833333333333,1.20413127623209,223.476,215.747,9,1,0
"Oregon",2012,0,17.9,1.12624949388271,238.457,211.557,29,1,0
"Oregon",2013,0,21.4,1.11629110005333,223.476,216.5795,10,1,0
"Oregon",2014,0,15.3,1.1333660749921,223.8045,218,30,1,0
"Oregon",2015,0,20,1.07730422737062,236.306,211.557,26,1,0
"Oregon",2016,0,16.8,1.09691658775025,237.036,219.937,30,1,0
"Oregon",2017,0,15.8142857142857,1.08552093150493,236.306,211.557,8,1,0
"Oregon",2018,0,21.4,1.14431296777174,238.325,211.557,16,1,0
"Oregon",2019,0,20.7,1.08552093150493,237.3155,219.5,22,1,0
"Pennsylvania",1989,0,28.3,1.41976548012266,227.602714285714,215.268,16,1,0
"Pennsylvania",1990,0,33.9,1.16451507151829,225.7355,220.693,17,1,0
"Pennsylvania",1991,1,43.7666666666667,1.17562049530765,243,226,0,1,0
"Pennsylvania",1992,0,29.9,1.41976548012266,245.655,222.772,7,1,0
"Pennsylvania",1993,0,30.95,1.18468494445861,224.306,220.693,17,1,0
"Pennsylvania",1994,0,28.3,1.2773956014637,225.259,217.952,2,1,0
"Pennsylvania",1995,1,28.9625,1.50383394975108,245.655,220.636,19,1,0
"Pennsylvania",1996,1,44.8,1.52682459298671,224.306,218.698,9,1,0
"Pennsylvania",1997,0,33.9,1.47826764675722,244.001,220.693,2,1,0
"Pennsylvania",1998,1,40.9,1.1439320915778,243.5,218.698,23,1,0
"Pennsylvania",1999,1,29.9,1.16228498783932,244.001,222.772,11,1,0
"Pennsylvania",2000,0,29.625,1.59029862172969,244,226,13,1,0
"Pennsylvania",2001,1,32.275,1.16917650249666,224.306,218.623,15,1,0
"Pennsylvania",2002,0,30.95,1.53323791758405,231.774857142857,215.268,13,1,0
"Pennsylvania",2003,0,45.5666666666667,1.47826764675722,234.556285714286,226,14,1,0
"Pennsylvania",2004,1,33.1,1.41976548012266,243,223.679,18,1,0
"Pennsylvania",2005,1,33.9,1.13411051674485,227.602714285714,227,10,1,0
"Pennsylvania",2006,1,33.9,1.41976548012266,230.384142857143,220.693,3,1,0
"Pennsylvania",2007,1,45.5666666666667,1.52423102649656,244.001,227,11,1,0
"Pennsylvania",2008,0,43.7666666666667,1.09846885130656,227.602714285714,220.636,19,1,0
"Pennsylvania",2009,0,33.1,1.41396332233533,235.947,220.693,8,1,0
"Pennsylvania",2010,1,29.625,1.16228498783932,225.259,215.268,0,1,0
"Pennsylvania",2011,0,40.9,1.59029862172969,238.26,220.693,25,1,0
"Pennsylvania",2012,1,33.9,1.52423102649656,225.259,215.268,25,1,0
"Pennsylvania",2013,0,44.8,1.14530959613951,235.947,215.939,19,1,0
"Pennsylvania",2014,0,41.7,1.1439320915778,243,226.618,15,1,0
"Pennsylvania",2015,0,31.5,1.16917650249666,228.993428571429,220.636,5,1,0
"Pennsylvania",2016,0,41.7,1.10461379636949,224.306,220.693,2,1,0
"Pennsylvania",2017,0,41.7,1.21618422726888,225.259,227,7,1,0
"Pennsylvania",2018,0,43.2333333333333,1.18468494445861,238.26,226,25,1,0
"Pennsylvania",2019,0,47.9,1.39484625961497,224.306,218.698,13,1,0
"Rhode Island",1989,0,13.35,1.76293594693945,237.3225,222.705,9,1,0
"Rhode Island",1990,0,16.7,1.14367093796691,238.767,216.615,18,1,0
"Rhode Island",1991,0,15.6,1.86172889117485,220.418,219.94,29,1,0
"Rhode Island",1992,0,13.925,1.80569155656568,228.222,218.3205,0,1,0
"Rhode Island",1993,0,20,1.80569155656568,238.767,216.615,8,1,0
"Rhode Island",1994,0,18.9,1.30600628667295,238,219.624,0,1,0
"Rhode Island",1995,0,13.925,1.51913360402501,222.244,221.5,1,1,0
"Rhode Island",1996,0,13.3333333333333,1.19837810065228,215.449,216.615,27,1,0
"Rhode Island",1997,0,13.4875,1.82021580830324,220.418,217.6005,11,1,0
"Rhode Island",1998,0,12.1571428571429,1.19837810065228,215.449,222.705,19,1,0
"Rhode Island",1999,0,14.3625,1.27435955870044,238.5,218.913,0,1,0
"Rhode Island",2000,0,13.4,1.2497175653633,224.07,218.913,29,1,0
"Rhode Island",2001,0,11.5857142857143,1.51913360402501,219.17575,216.44,7,1,0
"Rhode Island",2002,0,12.4428571428571,1.58773192135065,230.298,217.6005,20,1,0
"Rhode Island",2003,0,12.7285714285714,1.33960644518914,219.17575,219.94,20,1,0
"Rhode Island",2004,0,18.9,1.14752970443616,241.625,221.5,16,1,0
"Rhode Island",2005,0,12.1571428571429,1.86172889117485,239,216.615,24,1,0
"Rhode Island",2006,0,13.3333333333333,1.30600628667295,237.3225,216.615,1,1,0
"Rhode Island",2007,0,20,1.80569155656568,215.449,225,22,1,0
"Rhode Island",2008,0,18.9,1.73444969678443,220.418,216.615,15,1,0
"Rhode Island",2009,0,13.4875,1.74856360116058,226.146,216.615,24,1,0
"Rhode Island",2010,0,13.3,1.61167614015641,241.3125,218.755,29,1,0
"Rhode Island",2011,0,13.3833333333333,1.77215358426967,231.8675,216.615,29,1,0
"Rhode Island",2012,0,20,1.22113234951381,220.418,220.733,20,1,0
"Rhode Island",2013,0,20,1.19837810065228,224.07,218.3205,10,1,0
"Rhode Island",2014,0,14.5,1.79523186631787,220.418,222.5935,20,1,0
"Rhode Island",2015,0,13.3666666666667,1.61167614015641,238,220.733,10,1,0
"Rhode Island",2016,0,12.1571428571429,1.41175061066378,222.244,222.705,12,1,0
"Rhode Island",2017,0,20,1.38198505277419,221.331,216.494,11,1,1
"South Carolina",1989,0,16.0166666666667,1.1470848549979,219.869,209.716,22,1,0
"South Carolina",1990,0,15.6,0.910577938054992,237,210.0895,0,1,0
"South Carolina",1991,0,15.425,0.970379409490993,218.20025,214.8895,30,1,0
"South Carolina",1992,1,14.8666666666667,1.00204341020421,235.793,203.416,21,1,0
"South Carolina",1993,0,15.6,1.05294057373298,237.303,213,27,1,0
"South Carolina",1994,0,13.1857142857143,0.735497849760719,212.8455,209.716,24,1,0
"South Carolina",1995,1,15.6,0.970379409490993,225.177,207.47875,1,1,0
"South Carolina",1996,1,15.6,0.735497849760719,219.869,214.808,22,1,0
"South Carolina",1997,1,16.1,1.03021424572572,212.8455,214.808,26,1,1
"South Dakota",1989,1,6.45,0.747845323609152,237.265,222.273,2,1,0
"South Dakota",1990,1,7.4,0.732993332396213,237.265,222.273,9,1,0
"South Dakota",1991,1,8.075,0.738751017579833,237.265,222.273,1,1,0
"South Dakota",1992,1,6.5,0.706881055303606,237.265,222.273,7,1,0
"South Dakota",1993,1,6.725,0.696848616150143,237.265,222.273,10,1,0
"South Dakota",1994,1,6.95,0.807108883085817,237.265,222.273,7,1,0
"South Dakota",1995,1,6.425,0.72778816933611,237.265,222.273,0,1,0
"South Dakota",1996,1,8.075,0.72778816933611,237.265,222.273,5,1,0
"South Dakota",1997,1,7.4,0.773204482987844,237.265,222.273,8,1,0
"South Dakota",1998,1,6.5,0.807108883085817,237.265,222.273,6,1,0
"South Dakota",1999,1,6.5,0.696848616150143,237.265,222.273,2,1,0
"South Dakota",2000,1,7.625,0.738751017579833,237.265,222.273,0,1,0
"South Dakota",2001,1,7.625,0.72778816933611,237.265,222.273,6,1,0
"South Dakota",2002,1,6.95,0.706881055303606,237.265,222.273,5,1,0
"South Dakota",2003,0,6.95,0.747845323609152,237.265,222.273,0,1,0
"South Dakota",2004,1,6.425,0.706881055303606,237.265,222.273,10,1,0
"South Dakota",2005,1,6.95,0.807108883085817,237.265,222.273,0,1,0
"South Dakota",2006,1,6.95,0.696848616150143,237.265,222.273,10,1,0
"South Dakota",2007,0,7.625,0.738751017579833,237.265,222.273,7,1,0
"South Dakota",2008,1,7.85,0.692820365842654,237.265,222.273,3,1,0
"South Dakota",2009,1,6.45,0.692820365842654,237.265,222.273,3,1,0
"South Dakota",2010,1,6.425,0.747845323609152,237.265,222.273,2,1,0
"South Dakota",2011,1,6.45,0.747845323609152,237.265,222.273,2,1,0
"South Dakota",2012,1,6.5,0.696848616150143,237.265,222.273,6,1,0
"South Dakota",2013,1,6.45,0.706881055303606,237.265,222.273,10,1,0
"South Dakota",2014,1,7.625,0.738751017579833,237.265,222.273,8,1,0
"South Dakota",2015,0,8.075,0.72778816933611,237.265,222.273,2,1,0
"South Dakota",2016,1,6.95,0.72778816933611,237.265,222.273,3,1,0
"South Dakota",2017,1,6.425,0.747845323609152,237.265,222.273,10,1,0
"South Dakota",2018,1,8.075,0.72778816933611,237.265,222.273,7,1,0
"South Dakota",2019,1,6.475,0.692820365842654,237.265,222.273,0,1,0
"Tennessee",1989,1,12.825,0.935390271575539,219.5115,212.137,19,1,0
"Tennessee",1990,0,11.6666666666667,0.866795964456664,231.688,217.32,21,1,0
"Tennessee",1991,0,11.6666666666667,0.906456821542037,210.948,214.985,18,1,0
"Tennessee",1992,0,13.275,0.935390271575539,236.4505,212.137,18,1,0
"Tennessee",1993,0,12.15,0.934055617250581,222.483,211.948,17,1,0
"Tennessee",1994,0,11.7333333333333,0.935390271575539,236.4505,211.796,8,1,0
"Tennessee",1995,0,12.25,0.82913281564494,210.948,214.985,22,1,0
"Tennessee",1996,1,11.7,0.863726972343133,231.825,215.689,20,1,0
"Tennessee",1997,0,11.6666666666667,0.81241051591979,232.754,212.531,18,1,0
"Tennessee",1998,1,11.8,0.82913281564494,236.4505,211.948,3,1,0
"Tennessee",1999,0,11.6,0.8514710095427,215.062,215.749,0,1,0
"Tennessee",2000,0,11.7333333333333,0.634743526115597,225.119,212.137,23,1,0
"Tennessee",2001,0,11.7333333333333,0.935390271575539,210.948,212.531,15,1,0
"Tennessee",2002,0,11.6571428571429,0.587331891198321,232.901,211.796,13,1,0
"Tennessee",2003,0,12.7,0.648549363001517,219.34375,215.749,20,1,0
"Tennessee",2004,1,11.6571428571429,0.940760497321556,222.483,213.0845,20,1,0
"Tennessee",2005,1,11.6857142857143,0.974129520675192,231.688,211.97975,18,1,0
"Tennessee",2006,0,11.6285714285714,0.863726972343133,219.34375,217.32,9,1,0
"Tennessee",2007,1,11.7,0.752617539216527,225.119,215.749,20,1,0
"Tennessee",2008,0,12.25,0.866795964456664,210.948,215.749,9,1,0
"Tennessee",2009,0,11.6714285714286,0.65223645793768,225.119,217.32,1,1,0
"Tennessee",2010,0,11.6142857142857,0.648549363001517,227.755,211.948,23,1,0
"Tennessee",2011,0,13.05,0.822736979167752,219.5115,217.32,10,1,0
"Tennessee",2012,0,12.25,0.822736979167752,225.119,212.1635,5,1,0
"Tennessee",2013,0,12.6,0.8514710095427,217.119,212.137,22,1,0
"Tennessee",2014,0,11.7,0.627762333582244,210.948,216.2435,17,1,0
"Tennessee",2015,0,12.6,0.82913281564494,232.2895,211.948,8,1,0
"Tennessee",2016,0,11.6,0.648549363001517,219.176,213.2195,19,1,0
"Tennessee",2017,0,12.6,0.974129520675192,219.67925,211.97975,1,1,0
"Tennessee",2018,0,13.275,0.82913281564494,236.4505,216.738,14,1,0
"Tennessee",2019,0,12.6,0.82913281564494,210.948,215.689,11,1,0
"Texas",1989,1,20.45,0.921242747430833,241.991,212.505,19,1,0
"Texas",1990,0,22.6,1.03971130617626,241.551,218,0,1,0
"Texas",1991,1,23.4,0.958099685778924,217.919,217.6605,18,1,0
"Texas",1992,0,21,0.945852602121843,228.713,212.505,5,1,0
"Texas",1993,0,21.5,0.957293750168904,241.4025,212.505,15,1,0
"Texas",1994,0,21.0428571428571,1.01167915931554,243,218.734,7,1,0
"Texas",1995,0,21.4,0.946877742354257,241.991,214.154,14,1,0
"Texas",1996,1,20.0833333333333,1.03971130617626,239.6485,217,14,1,0
"Texas",1997,1,20.3571428571429,0.946877742354257,229.9955,216.932,20,1,0
"Texas",1998,0,20.8166666666667,0.892048975724135,226.0145,219.231,12,1,0
"Texas",1999,1,20.8166666666667,0.9830190484229,241.991,212.505,8,1,0
"Texas",2000,1,19.9,0.79385531112022,241.551,218.321,14,1,0
"Texas",2001,0,20.8142857142857,0.85983588717962,235.296666666667,215.543,21,1,0
"Texas",2002,0,20.3571428571429,0.981204993785163,233.287333333333,217.6605,14,1,0
"Texas",2003,0,21.375,0.79385531112022,226.0145,214.808,11,1,0
"Texas",2004,0,22.2,1.03971130617626,239.6485,218,8,1,0
"Texas",2005,1,21.0625,0.998889873304082,217.919,218.5895,8,1,0
"Texas",2006,1,20.0833333333333,0.946877742354257,241.4025,212.505,26,1,0
"Texas",2007,1,23,0.9830190484229,241.551,212.505,19,1,0
"Texas",2008,0,23.4,0.998889873304082,237.306,219.604,11,1,0
"Texas",2009,0,21.4,0.85983588717962,229.35425,215.543,15,1,0
"Texas",2010,0,21.8,0.928932037823974,243,219.169,18,1,0
"Texas",2011,0,20.8142857142857,0.946877742354257,217.919,217.5,3,1,0
"Texas",2012,1,21.375,0.78474716662234,223.316,216.2375,22,1,0
"Texas",2013,1,20.8142857142857,0.750879387406586,241.551,216.771,18,1,0
"Texas",2014,0,20.0833333333333,0.9830190484229,243,218.5895,13,1,0
"Texas",2015,0,21,0.750879387406586,241.551,218,18,1,0
"Texas",2016,0,20.8142857142857,1.03971130617626,240.465,215.543,18,1,0
"Texas",2017,0,21.4,0.892048975724135,239.6485,213.274,9,1,0
"Texas",2018,0,20.0833333333333,0.921242747430833,217.919,217,19,1,0
"Texas",2019,0,22.2,0.750879387406586,242,212.505,9,1,0
"Utah",1989,1,6.85,0.705601828496007,225.279,220.2905,26,1,0
"Utah",1990,1,10.7833333333333,0.528775051928989,243,216.49375,11,1,0
"Utah",1991,1,7.6375,0.74541807548277,241.4285,220.39,17,1,0
"Utah",1992,1,6.55714285714286,0.663988546546651,239.862,220.39,22,1,0
"Utah",1993,1,6.61428571428571,0.514428620206316,226.73575,219.81,18,1,0
"Utah",1994,1,6.5,0.695910135276582,225.279,220.39,2,1,0
"Utah",1995,1,6.85,0.654553609943311,234.783,220.18925,22,1,0
"Utah",1996,1,6.61428571428571,0.784214156102711,226.516,218.8645,26,1,0
"Utah",1997,1,7.825,0.718710061637724,226.58925,220.2325,13,1,0
"Utah",1998,1,6.64285714285714,0.543731989408638,239.405,217.33,5,1,0
"Utah",1999,1,6.61428571428571,0.699328597607431,242.538,218.8645,17,1,0
"Utah",2000,1,6.52857142857143,0.514428620206316,226.809,216.49375,25,1,0
"Utah",2001,1,7.91666666666667,0.663988546546651,239.862,224.5,18,1,0
"Utah",2002,1,7.075,0.703390460839466,224.042,220.2325,11,1,0
"Utah",2003,1,6.5,0.514428620206316,226.73575,216.215,21,1,0
"Utah",2004,1,7.45,0.74541807548277,225.279,217.05125,21,1,0
"Utah",2005,1,6.7,0.698588179323551,242.538,220.39,7,1,0
"Utah",2006,1,6.8875,0.528775051928989,225.8975,216.7725,24,1,0
"Utah",2007,1,9.35,0.654553609943311,242.769,220.39,11,1,0
"Utah",2008,1,7.825,0.654553609943311,243,217.33,15,1,0
"Utah",2009,1,7.91666666666667,0.654553609943311,234.783,217.53975,1,1,0
"Utah",2010,1,6.58571428571429,0.54524783886467,225.279,220.39,17,1,0
"Utah",2011,1,7.08333333333333,0.784214156102711,239.862,220.39,26,1,1
"Vermont",1989,0,13.6285714285714,1.21240402790439,243.529,226.961,29,1,1
"Virginia",1989,0,14.4666666666667,1.21985352579855,222.643,225.009,25,1,0
"Virginia",1990,0,15,1.34087931606113,220.763,225.814,23,1,0
"Virginia",1991,1,13.9142857142857,0.900424304363002,229.541,229,21,1,0
"Virginia",1992,0,13.5666666666667,0.867989250137638,220.763,229,22,1,0
"Virginia",1993,0,17.1333333333333,1.21985352579855,242.0095,225.814,2,1,0
"Virginia",1994,0,16.4666666666667,1.24071167702607,235.982333333333,224.577,2,1,0
"Virginia",1995,0,13.45,0.882080428080119,224.3675,226.4755,9,1,0
"Virginia",1996,0,13.9375,0.842080223294444,220.763,220.753,2,1,0
"Virginia",1997,0,15.1333333333333,1.06373452341911,222.173,224.577,26,1,0
"Virginia",1998,0,15,0.882080428080119,246,224.577,6,1,0
"Virginia",1999,0,14.1857142857143,1.24071167702607,220.763,226.528,18,1,0
"Virginia",2000,0,13.5666666666667,0.927145452714875,239.8505,226.528,2,1,0
"Virginia",2001,0,13.5125,0.867989250137638,222.643,220.753,2,1,0
"Virginia",2002,0,13.6833333333333,0.825528190122395,243.296,220.753,7,1,0
"Virginia",2003,0,13.9142857142857,0.927145452714875,245.667,229,11,1,0
"Virginia",2004,0,13.5666666666667,0.867989250137638,220.763,216.30025,18,1,0
"Virginia",2005,0,13.1,1.06373452341911,224.3675,229,19,1,0
"Virginia",2006,0,14.4666666666667,1.30160382975893,245.667,220.753,15,1,0
"Virginia",2007,0,13.2166666666667,0.819495696232907,220.763,220.753,16,1,0
"Virginia",2008,0,14.7285714285714,0.890416191332882,220.763,226.378,6,1,0
"Virginia",2009,0,13.2166666666667,1.06373452341911,222.643,221.1285,24,1,0
"Virginia",2010,0,14.1857142857143,1.2221194528124,235.982333333333,225.009,19,1,0
"Virginia",2011,0,13.6833333333333,0.867989250137638,243.071,216.30025,26,1,0
"Virginia",2012,0,13.3714285714286,0.882080428080119,242.0095,223.06875,8,1,0
"Virginia",2013,0,15.1333333333333,1.2093227986443,220.763,216.30025,25,1,0
"Virginia",2014,0,17.1333333333333,0.867989250137638,244.2025,219.18825,9,1,0
"Virginia",2015,0,14.7875,0.856878121386948,246.5,217.248,17,1,0
"Virginia",2016,0,13.6428571428571,1.2093227986443,240.498,225.009,10,1,0
"Virginia",2017,0,15.1333333333333,0.839506575747679,220.763,229,2,1,0
"Virginia",2018,0,13.6428571428571,0.842080223294444,246.5,214.40475,5,1,0
"Virginia",2019,0,14.15,0.900424304363002,224.3675,229,14,1,0
"Washington",1989,0,19.95,1.09781904327066,225.053,212.695,1,1,0
"Washington",1990,0,21.4,0.908998184894394,244.5915,212.695,18,1,0
"Washington",1991,0,25.2,1.19498095503918,225.053,222.7645,1,1,0
"Washington",1992,0,19.7714285714286,0.935706373708213,225.053,223.486,10,1,0
"Washington",1993,0,20.7,1.19498095503918,242.257,223.656,19,1,0
"Washington",1994,0,20.2,1.14987772061029,225.053,221.097,1,1,0
"Washington",1995,0,21.4,0.929033956423828,242.1135,220.9295,5,1,0
"Washington",1996,0,23.2,0.934049315974161,242.72,219.53175,8,1,0
"Washington",1997,0,20.7,1.0236042630861,242.257,212.695,18,1,0
"Washington",1998,0,20.2,0.907182003521022,225.053,221.33,24,1,0
"Washington",1999,0,20.2,0.965138676870707,230.727285714286,221.33,14,1,0
"Washington",2000,0,20.95,1.03628305570698,242.72,222.28125,25,1,0
"Washington",2001,0,20.7,1.09539126054303,234.510142857143,212.695,6,1,0
"Washington",2002,0,20.2,1.17775703400745,242.3995,220.529,3,1,0
"Washington",2003,0,21.8,1.17775703400745,242.72,220.9065,17,1,0
"Washington",2004,0,26.2,0.907182003521022,230.727285714286,223.999,22,1,0
"Washington",2005,0,19.7,1.03628305570698,230.727285714286,214.0605,10,1,0
"Washington",2006,0,19.7571428571429,1.02741610922138,232.618714285714,212.695,19,1,0
"Washington",2007,0,20.95,1.17775703400745,225.053,221.33,25,1,0
"Washington",2008,0,19.95,0.929033956423828,228.835857142857,212.695,13,1,0
"Washington",2009,0,19.8,0.929033956423828,225.053,223.999,9,1,0
"Washington",2010,0,19.7714285714286,1.0236042630861,246,222.2915,17,1,0
"Washington",2011,0,22.2,0.929033956423828,245,222.6645,8,1,0
"Washington",2012,0,19.7142857142857,0.934049315974161,225.053,221.33,17,1,0
"Washington",2013,0,21.4,1.17775703400745,242.542,219.53175,26,1,0
"Washington",2014,0,21.8,1.19498095503918,225.053,221.097,6,1,0
"Washington",2015,0,19.7428571428571,0.928258181489929,242.1135,225.5,3,1,0
"Washington",2016,0,20.7,1.12170914923932,242.3995,216.7915,13,1,0
"Washington",2017,0,22.6,0.951459662104885,225.053,212.695,2,1,0
"Washington",2018,0,21.8,1.07332820887858,242.1135,216.7915,12,1,0
"Washington",2019,0,19.95,1.03628305570698,241.685,218.157,9,1,0
"West Virginia",1989,0,15.7,0.761691463030632,223.2405,216.5,25,1,0
"West Virginia",1990,0,12.3,1.07122039160323,230.843,215.536,26,1,0
"West Virginia",1991,0,12.3666666666667,1.28617705727125,234.656,214.384,23,1,0
"West Virginia",1992,0,12.5,0.982868650314613,236,216,6,1,0
"West Virginia",1993,0,15.7,1.11247434529694,236,216,7,1,0
"West Virginia",1994,0,12.3666666666667,1.27501502570992,236.338,216.41025,12,1,0
"West Virginia",1995,0,12.1666666666667,0.943611015532918,233.5905,219.18,26,1,0
"West Virginia",1996,0,11.825,1.28617705727125,223.3135,215,22,1,0
"West Virginia",1997,0,15.7,1.28617705727125,235,214.52,13,1,0
"West Virginia",1998,0,12.275,1.27904844329339,223.204,215.621,17,1,0
"West Virginia",1999,0,15.7,1.37509738830402,232.983,216.9735,2,1,0
"West Virginia",2000,0,12.3666666666667,1.26651905723702,235,217.1995,10,1,0
"West Virginia",2001,0,12.4333333333333,1.07122039160323,219.3095,215.0025,11,1,0
"West Virginia",2002,0,12.2428571428571,1.36277079845081,236.338,216.5,10,1,0
"West Virginia",2003,0,12.1625,1.24351718591718,223.35,217.1995,16,1,0
"West Virginia",2004,0,15.7,1.28617705727125,233.5,214.453,12,1,0
"West Virginia",2005,0,11.9857142857143,1.0460361165766,215.269,213,3,1,0
"West Virginia",2006,1,12.1142857142857,1.17965619249983,223.2405,213,22,1,0
"West Virginia",2007,0,11.8571428571429,1.00584653891984,221.32975,214.693,19,1,0
"West Virginia",2008,0,15.7,1.26651905723702,237,213.147,30,1,0
"West Virginia",2009,0,12.1625,0.982868650314613,231,216.5,29,1,0
"West Virginia",2010,0,15.1,1.27904844329339,223.277,214.8255,17,1,0
"West Virginia",2011,0,15.7,0.969616043520046,237,213,9,1,0
"West Virginia",2012,0,12.1,1.22873740323368,219.3095,214.384,18,1,0
"West Virginia",2013,0,12.1625,1.0460361165766,215.269,214.384,25,1,0
"West Virginia",2014,0,11.7285714285714,0.87888841490506,234.6605,215.5,27,1,0
"West Virginia",2015,0,12.4333333333333,1.37509738830402,215.269,217,30,1,0
"West Virginia",2016,0,12.1,1.20063551061396,230.8055,214.693,3,1,0
"West Virginia",2017,0,11.7125,0.982868650314613,219.3095,217,7,1,0
"West Virginia",2018,0,12.3,1.17096958394457,215.269,215.5,9,1,0
"West Virginia",2019,0,11.825,1.26651905723702,228.246666666667,215.5,18,1,0
"Wisconsin",1989,0,21.0333333333333,1.26329188898847,236.755,221.24,22,1,0
"Wisconsin",1990,0,20.4,1.0784305568045,234.465142857143,223.7285,22,1,0
"Wisconsin",1991,1,22.9333333333333,1.27215357070181,232.938571428571,221.164,13,1,0
"Wisconsin",1992,0,40.6166666666667,1.26150557670975,230.052,222.0778,20,1,0
"Wisconsin",1993,0,45.9,1.22819268214287,242.375,222.8355,6,1,0
"Wisconsin",1994,0,22.9333333333333,1.23225930894003,228.692,221.727,12,1,0
"Wisconsin",1995,0,22.9333333333333,1.25717320361396,244.181,221.1442,19,1,0
"Wisconsin",1996,0,36.45,1.27215357070181,232.938571428571,220.136,25,1,0
"Wisconsin",1997,0,45.9,1.24413252616029,243,223.318,28,1,1
"Wyoming",1989,0,6.43333333333333,1.68147732765258,232.78,218.9705,24,1,0
"Wyoming",1990,0,5.6875,1.85792033276643,242.9415,220.4055,1,1,0
"Wyoming",1991,0,8.1,1.04887295873143,241.086,221.186,10,1,0
"Wyoming",1992,1,5.65,1.81484387730319,224.55375,227,20,1,0
"Wyoming",1993,0,8.1,1.8404387451979,242.956,227,25,1,0
"Wyoming",1994,1,7.1,1.07966501875918,224.55375,222.652,6,1,0
"Wyoming",1995,0,6.1,1.74675722143988,242.9415,222.075,11,1,0
"Wyoming",1996,1,6.76666666666667,1.32967373464085,243.4115,221.186,21,1,0
"Wyoming",1997,1,5.98333333333333,1.07966501875918,232.78,221.186,8,1,0
"Wyoming",1998,1,5.65,1.00175342835558,247,220.4055,5,1,0
"Wyoming",1999,0,5.57142857142857,1.85167519459911,225.9115,222.075,24,1,0
"Wyoming",2000,0,7.76666666666667,0.962069744548167,224.287,220.4475,27,1,0
"Wyoming",2001,1,5.48571428571429,1.00175342835558,247,227,29,1,0
"Wyoming",2002,0,5.7,1.81391962656642,243.867,223.9705,24,1,0
"Wyoming",2003,0,5.48571428571429,1.85167519459911,225.9115,228,22,1,0
"Wyoming",2004,0,5.44285714285714,1.07966501875918,241.086,219.709,30,1,0
"Wyoming",2005,0,5.48571428571429,1.02258187202081,223.196,222.652,14,1,0
"Wyoming",2006,1,5.6375,1.85792033276643,241.086,226,29,1,0
"Wyoming",2007,0,5.51666666666667,1.79192983199322,247.5,224.062,2,1,0
"Wyoming",2008,0,5.57142857142857,0.977348782683001,247.5,222.6685,29,1,0
"Wyoming",2009,1,5.86666666666667,1.7045345130859,224.287,218.9705,21,1,0
"Wyoming",2010,0,8.1,1.85792033276643,223.7415,219.681,2,1,0
"Wyoming",2011,1,6.76666666666667,1.85792033276643,247,222.6685,23,1,0
"Wyoming",2012,1,8.1,1.02322796288472,227.26925,221.13,14,1,0
"Wyoming",2013,0,7.76666666666667,1.79192983199322,225.378,222.652,20,1,0
"Wyoming",2014,1,5.625,1.12325609478797,225.9115,227,10,1,0
"Wyoming",2015,1,7.43333333333333,1.81484387730319,242.021,218.9705,29,1,0
"Wyoming",2016,1,5.98333333333333,1.79192983199322,245.437,221.186,1,1,0
"Wyoming",2017,1,8.1,1.81391962656642,232.78,218.9705,17,1,0
"Wyoming",2018,0,5.65714285714286,0.97750777581943,225.378,222.652,26,1,0
"Wyoming",2019,1,5.63333333333333,1.49923070353705,242.009,227,16,1,0
